0x0109E7C8,Name,Details,ID,Menu Class,Standing Map Anims,Movement Speed,Generic Enemy Portrait,Sort Order,HP,POW,SKL,SPD,DEF,RES,CON,MOVE,HP,POW,SKL,SPD,DEF,RES,CON,Relative Power,HP,POW,SKL,SPD,DEF,RES,LUK,HP,POW,SKL,SPD,DEF,RES,Ability 1,Ability 2,Ability 3,Ability 4,Sword,Lance,Axe,Bow,Staff,Anima,Light,Dark,P52,P56,P60,P64,P68,P72,P76,???
"00 ",0x00,0x00,0x00,0x00,0x00,0x00,0x00,0x00,0x00,0x00,0x00,0x00,0x00,0x00,0x00,0x00,0x00,0x00,0x00,0x00,0x00,0x00,0x00,0x00,0x00,0x00,0x00,0x00,0x00,0x25,0x00,0x25,0x00,0x00,0x41,0x00,0x00,0x02,0x00,0x00,0x01,0x00,0x00,0x00,0x00,0x00,0x00,0x00,0x00,0x1F,0x00,0x231E143C,0x190F0F,0x00,0x00,0x00,0x00
01 Upstart,0x02BF,0x0309,0x01,0x03,0x00,0x00,0x8B,0x01,0x12,0x06,0x06,0x07,0x06,0x00,0x08,0x05,0x3C,0x14,0x14,0x14,0x14,0x14,0x14,0x03,0x5A,0x2D,0x28,0x2D,0x0F,0x0F,0x28,0x00,0x00,0x00,0x00,0x00,0x00,0x00,0x20,0x00,0x20,0x01,0x00,0x00,0x00,0x00,0x00,0x01,0x00,0x8AEFD8,0x80B808,0x80BC59,0x80C069,0x80C479,0x80C4BA,0x80C4FB,0x00
02 Upstart,0x02BF,0x030A,0x02,0x04,0x01,0x00,0x8B,0x01,0x10,0x04,0x08,0x09,0x03,0x01,0x08,0x05,0x3C,0x14,0x14,0x14,0x14,0x14,0x14,0x03,0x5A,0x2D,0x28,0x2D,0x0F,0x14,0x28,0x00,0x00,0x00,0x00,0x00,0x00,0x00,0x20,0x02,0x10,0x00,0x00,0x00,0x01,0x01,0x00,0x00,0x00,0x8AEFE4,0x80B808,0x80BC59,0x80C069,0x80C479,0x80C4BA,0x80C4FB,0x00
03 Great Lord,0x02C0,0x030B,0x03,0x01,0x02,0x00,0x8B,0x02,0x12,0x03,0x03,0x04,0x05,0x00,0x0A,0x07,0x3C,0x1B,0x1A,0x18,0x17,0x17,0x19,0x03,0x5A,0x2D,0x28,0x2D,0x0F,0x0F,0x28,0x04,0x02,0x03,0x02,0x02,0x05,0x03,0x25,0x00,0x20,0x00,0x47,0x00,0x00,0x00,0x00,0x00,0x00,0x8AEFF0,0x80BAD3,0x80BF24,0x80C334,0x80C479,0x80C4BA,0x80C4FB,0x00
04 Great Lord,0x02C0,0x030C,0x04,0x02,0x03,0x00,0x8B,0x02,0x12,0x03,0x03,0x04,0x05,0x00,0x07,0x07,0x3C,0x18,0x1D,0x1E,0x16,0x19,0x19,0x03,0x5A,0x2D,0x28,0x2D,0x0F,0x14,0x28,0x04,0x02,0x02,0x01,0x03,0x05,0x03,0x25,0x02,0x10,0x47,0x00,0x00,0x00,0x00,0x00,0x00,0x00,0x8AEFFC,0x80BAD3,0x80BF24,0x80C334,0x80C479,0x80C4BA,0x80C4FB,0x00
05 Cavalier,0x02C1,0x030D,0x05,0x07,0x04,0x00,0x80,0x20,0x16,0x06,0x05,0x05,0x06,0x00,0x09,0x07,0x3C,0x14,0x14,0x14,0x14,0x14,0x19,0x03,0x4B,0x28,0x28,0x28,0x1E,0x14,0x1E,0x00,0x00,0x00,0x00,0x00,0x00,0x03,0x04,0x00,0x00,0x01,0x1F,0x00,0x00,0x00,0x00,0x00,0x00,0x8AF008,0x80BA92,0x80BEE3,0x80C2F3,0x80C479,0x80C4BA,0x80C4FB,0x00
06 Cavalier,0x02C1,0x030D,0x06,0x08,0x04,0x00,0x80,0x20,0x16,0x06,0x05,0x05,0x06,0x00,0x09,0x07,0x3C,0x14,0x14,0x14,0x14,0x14,0x19,0x03,0x4B,0x28,0x28,0x28,0x1E,0x14,0x1E,0x01,0x00,0x02,0x02,0x00,0x02,0x03,0x04,0x00,0x00,0x01,0x1F,0x00,0x00,0x00,0x00,0x00,0x00,0x8AF018,0x80BA92,0x80BEE3,0x80C2F3,0x80C479,0x80C4BA,0x80C4FB,0x00
07 Paladin,0x02C2,0x030E,0x07,0x05,0x05,0x00,0x81,0x21,0x1E,0x0A,0x09,0x09,0x09,0x02,0x0B,0x08,0x3C,0x1E,0x1E,0x1E,0x1E,0x1E,0x19,0x03,0x46,0x28,0x28,0x28,0x1E,0x14,0x1E,0x02,0x01,0x01,0x01,0x02,0x01,0x03,0x05,0x00,0x00,0x1F,0x1F,0x00,0x00,0x00,0x00,0x00,0x00,0x8AF028,0x80BAD3,0x80BF24,0x80C334,0x80C479,0x80C4BA,0x80C4FB,0x00
08 Paladin,0x02C2,0x030E,0x08,0x06,0x05,0x00,0x81,0x21,0x1E,0x0A,0x09,0x09,0x09,0x02,0x0B,0x08,0x3C,0x1E,0x1E,0x1E,0x1E,0x1E,0x19,0x03,0x46,0x28,0x28,0x28,0x1E,0x14,0x1E,0x01,0x01,0x01,0x02,0x01,0x02,0x03,0x05,0x00,0x00,0x1F,0x1F,0x00,0x00,0x00,0x00,0x00,0x00,0x8AF038,0x80BAD3,0x80BF24,0x80C334,0x80C479,0x80C4BA,0x80C4FB,0x00
09 Knight,0x02C3,0x030F,0x09,0x0B,0x06,0x01,0x76,0x0C,0x18,0x08,0x04,0x01,0x08,0x01,0x0D,0x05,0x3C,0x14,0x14,0x14,0x14,0x14,0x14,0x03,0x50,0x28,0x1E,0x0F,0x28,0x0A,0x19,0x00,0x00,0x00,0x00,0x00,0x00,0x00,0x00,0x00,0x00,0x00,0x1F,0x00,0x00,0x00,0x00,0x00,0x00,0x8AF048,0x80B88A,0x80BCDB,0x80C0EB,0x80C479,0x80C4BA,0x80C4FB,0x00
0A Headsman,0xE9,0x031D,0x0A,0x28,0x1F,0x00,0x7C,0x12,0x12,0x01,0x06,0x05,0x03,0x04,0x0A,0x05,0x3C,0x14,0x14,0x14,0x14,0x14,0x14,0x03,0x37,0x14,0x28,0x23,0x0F,0x28,0x14,0x00,0x00,0x00,0x00,0x00,0x00,0x00,0x00,0x00,0x00,0x00,0x00,0x01,0x00,0x00,0x00,0x00,0x00,0x0105A3A4,0x80BA10,0x80BE61,0x80C271,0x80C479,0x80C4BA,0x80C4FB,0x00
0B General,0x02C4,0x0310,0x0B,0x09,0x07,0x01,0x77,0x0D,0x1E,0x0B,0x07,0x04,0x0D,0x03,0x0F,0x05,0x3C,0x1E,0x1E,0x1E,0x1E,0x1E,0x19,0x03,0x4B,0x2D,0x1E,0x0F,0x32,0x19,0x14,0x04,0x02,0x02,0x03,0x02,0x03,0x00,0x01,0x00,0x00,0x01,0x47,0x01,0x00,0x00,0x00,0x00,0x00,0x8AF060,0x80B88A,0x80BCDB,0x80C0EB,0x80C479,0x80C4BA,0x80C4FB,0x00
0C Archmage,0xEA,0x031E,0x0C,0x26,0x21,0x00,0x7D,0x13,0x14,0x03,0x0A,0x08,0x04,0x08,0x07,0x06,0x3C,0x1E,0x1E,0x1E,0x1E,0x1E,0x14,0x03,0x37,0x14,0x28,0x23,0x0F,0x28,0x14,0x03,0x01,0x01,0x00,0x03,0x03,0x00,0x01,0x00,0x00,0x00,0x00,0x00,0x00,0x1F,0x47,0x1F,0x00,0x0102A2C0,0x80BA10,0x80BE61,0x80C271,0x80C479,0x80C4BA,0x80C4FB,0x00
0D Thief,0x02C5,0x0311,0x0D,0x17,0x08,0x00,0x8E,0x07,0x10,0x03,0x01,0x09,0x02,0x00,0x06,0x06,0x3C,0x14,0x14,0x14,0x14,0x14,0x14,0x02,0x32,0x05,0x2D,0x28,0x05,0x14,0x28,0x00,0x00,0x00,0x00,0x00,0x00,0x0C,0x00,0x00,0x00,0x01,0x00,0x00,0x00,0x00,0x00,0x00,0x00,0x8AF0A0,0x80B9CF,0x80BE20,0x80C230,0x80C479,0x80C4BA,0x80C4FB,0x00
0E Manakete,0x02D7,0x0323,0x0E,0x1F,0x09,0x00,0x8F,0x1F,0x0C,0x00,0x00,0x02,0x02,0x02,0x05,0x08,0x3C,0x14,0x14,0x14,0x14,0x14,0x14,0x02,0x5F,0x28,0x1E,0x14,0x00,0x0A,0x19,0x00,0x00,0x00,0x00,0x00,0x00,0x00,0x00,0x04,0x00,0x00,0x00,0x00,0x00,0x00,0x00,0x00,0x00,0x8AF0AC,0x80BB96,0x80BFE7,0x80C3F7,0x80C53C,0x80C57D,0x80C5BE,0x00
0F Mercenary,0x02C6,0x0312,0x0F,0x11,0x0A,0x00,0x90,0x03,0x15,0x06,0x08,0x08,0x04,0x00,0x09,0x05,0x3C,0x14,0x14,0x14,0x14,0x14,0x14,0x03,0x50,0x28,0x2D,0x2D,0x14,0x14,0x1E,0x00,0x00,0x00,0x00,0x00,0x00,0x00,0x00,0x00,0x00,0x1F,0x00,0x00,0x00,0x00,0x00,0x00,0x00,0x8AF0B8,0x80B849,0x80BC9A,0x80C0AA,0x80C479,0x80C4BA,0x80C4FB,0x00
10 Mercenary,0x02C6,0x0312,0x10,0x12,0x0B,0x00,0x90,0x03,0x15,0x06,0x08,0x08,0x04,0x00,0x09,0x05,0x3C,0x14,0x14,0x14,0x14,0x14,0x14,0x03,0x50,0x28,0x2D,0x2D,0x14,0x14,0x1E,0x00,0x00,0x00,0x00,0x00,0x00,0x00,0x00,0x00,0x00,0x1F,0x00,0x00,0x00,0x00,0x00,0x00,0x00,0x8AF0C4,0x80B849,0x80BC9A,0x80C0AA,0x80C479,0x80C4BA,0x80C4FB,0x00
11 Hero,0x02C7,0x0313,0x11,0x0F,0x0C,0x00,0x91,0x04,0x19,0x07,0x0C,0x0C,0x07,0x02,0x0B,0x06,0x3C,0x1E,0x1E,0x1E,0x1E,0x1E,0x19,0x03,0x4B,0x2D,0x28,0x28,0x1E,0x14,0x19,0x04,0x01,0x02,0x02,0x02,0x02,0x00,0x01,0x00,0x00,0x47,0x00,0x1F,0x00,0x00,0x00,0x00,0x00,0x8AF0D0,0x80B808,0x80BC59,0x80C069,0x80C479,0x80C4BA,0x80C4FB,0x00
12 Hero,0x02C7,0x0313,0x12,0x10,0x0D,0x00,0x91,0x04,0x19,0x07,0x09,0x0C,0x07,0x03,0x09,0x06,0x3C,0x19,0x1E,0x1A,0x19,0x16,0x19,0x03,0x4B,0x2D,0x28,0x28,0x1E,0x14,0x19,0x00,0x00,0x00,0x00,0x00,0x00,0x00,0x01,0x00,0x00,0x47,0x00,0x1F,0x00,0x00,0x00,0x00,0x00,0x8AF0EC,0x80B808,0x80BC59,0x80C069,0x80C479,0x80C4BA,0x80C4FB,0x00
13 Myrmidon,0x02C8,0x0314,0x13,0x15,0x0E,0x00,0x72,0x05,0x14,0x05,0x09,0x09,0x03,0x04,0x08,0x05,0x3C,0x14,0x14,0x14,0x14,0x14,0x14,0x03,0x3C,0x23,0x32,0x37,0x0F,0x19,0x1E,0x00,0x00,0x00,0x00,0x00,0x00,0x00,0x00,0x02,0x00,0x1F,0x00,0x00,0x00,0x00,0x00,0x00,0x00,0x8AF108,0x80B849,0x80BC9A,0x80C0AA,0x80C479,0x80C4BA,0x80C4FB,0x00
14 Myrmidon,0x02C8,0x0314,0x14,0x16,0x0F,0x00,0x72,0x05,0x14,0x05,0x09,0x09,0x03,0x04,0x08,0x05,0x3C,0x14,0x14,0x14,0x14,0x14,0x14,0x03,0x3C,0x23,0x32,0x37,0x0F,0x19,0x1E,0x00,0x00,0x00,0x00,0x00,0x00,0x00,0x00,0x02,0x00,0x1F,0x00,0x00,0x00,0x00,0x00,0x00,0x00,0x8AF114,0x80B849,0x80BC9A,0x80C0AA,0x80C479,0x80C4BA,0x80C4FB,0x00
15 Swordmaster,0x02C9,0x0315,0x15,0x13,0x10,0x00,0x73,0x06,0x15,0x08,0x0E,0x0E,0x04,0x07,0x09,0x06,0x3C,0x1E,0x1E,0x1E,0x1E,0x1E,0x14,0x03,0x3C,0x23,0x32,0x37,0x0F,0x19,0x1E,0x05,0x02,0x00,0x00,0x02,0x01,0x40,0x01,0x02,0x00,0x47,0x00,0x00,0x00,0x00,0x00,0x00,0x00,0x8AF120,0x80B808,0x80BC59,0x80C069,0x80C479,0x80C4BA,0x80C4FB,0x00
16 Swordmaster,0x02C9,0x0315,0x16,0x14,0x11,0x00,0x73,0x06,0x15,0x08,0x0E,0x0E,0x04,0x07,0x09,0x06,0x3C,0x1E,0x1E,0x1E,0x1E,0x1E,0x14,0x03,0x3C,0x23,0x32,0x37,0x0F,0x19,0x1E,0x04,0x02,0x01,0x00,0x02,0x01,0x40,0x01,0x02,0x00,0x47,0x00,0x00,0x00,0x00,0x00,0x00,0x00,0x8AF12C,0x80B808,0x80BC59,0x80C069,0x80C479,0x80C4BA,0x80C4FB,0x00
17 Assassin,0x02CA,0x0316,0x17,0x0D,0x12,0x00,0x8E,0x08,0x12,0x0A,0x10,0x10,0x02,0x00,0x08,0x06,0x3C,0x1E,0x1E,0x1E,0x1E,0x1E,0x14,0x03,0x32,0x28,0x32,0x37,0x05,0x14,0x28,0x03,0x01,0x00,0x00,0x02,0x02,0x08,0x01,0x02,0x02,0x1F,0x00,0x00,0x00,0x00,0x00,0x00,0x00,0x8AF138,0x80B9CF,0x80BE20,0x80C230,0x80C479,0x80C4BA,0x80C4FB,0x00
18 Assassin,0x02CA,0x0316,0x18,0x0D,0x13,0x00,0x8E,0x08,0x12,0x0A,0x10,0x10,0x02,0x00,0x08,0x06,0x3C,0x1E,0x1E,0x1E,0x1E,0x1E,0x14,0x03,0x32,0x28,0x32,0x37,0x05,0x14,0x28,0x02,0x01,0x01,0x01,0x02,0x01,0x08,0x01,0x02,0x02,0x1F,0x00,0x00,0x00,0x00,0x00,0x00,0x00,0x8AF144,0x80B9CF,0x80BE20,0x80C230,0x80C479,0x80C4BA,0x80C4FB,0x00
19 Archer,0x02CB,0x0317,0x19,0x1B,0x14,0x00,0x78,0x0A,0x12,0x05,0x08,0x06,0x03,0x03,0x07,0x05,0x3C,0x14,0x14,0x14,0x14,0x14,0x14,0x03,0x46,0x23,0x28,0x23,0x14,0x14,0x23,0x00,0x00,0x00,0x00,0x00,0x00,0x80,0x00,0x00,0x00,0x00,0x00,0x00,0x1F,0x00,0x00,0x00,0x00,0x8AF150,0x80B849,0x80BC9A,0x80C0AA,0x80C479,0x80C4BA,0x80C4FB,0x00
1A Archer,0x02CB,0x0317,0x1A,0x1C,0x15,0x00,0x78,0x0A,0x12,0x05,0x08,0x06,0x03,0x03,0x07,0x05,0x3C,0x14,0x14,0x14,0x14,0x14,0x14,0x03,0x46,0x23,0x28,0x23,0x14,0x14,0x23,0x00,0x00,0x00,0x00,0x00,0x00,0x80,0x00,0x00,0x00,0x00,0x00,0x00,0x1F,0x00,0x00,0x00,0x00,0x8AF168,0x80B849,0x80BC9A,0x80C0AA,0x80C479,0x80C4BA,0x80C4FB,0x00
1B Sniper,0x02CC,0x0318,0x1B,0x19,0x16,0x00,0x79,0x0B,0x15,0x08,0x0C,0x09,0x05,0x05,0x08,0x06,0x3C,0x1E,0x1E,0x1E,0x1E,0x1E,0x14,0x03,0x46,0x23,0x28,0x23,0x14,0x14,0x23,0x03,0x01,0x02,0x02,0x02,0x03,0x80,0x01,0x00,0x00,0x00,0x00,0x00,0x47,0x00,0x00,0x00,0x00,0x8AF180,0x80B808,0x80BC59,0x80C069,0x80C479,0x80C4BA,0x80C4FB,0x00
1C Sniper,0x02CC,0x0318,0x1C,0x1A,0x17,0x00,0x79,0x0B,0x15,0x08,0x0C,0x09,0x05,0x05,0x08,0x06,0x3C,0x1E,0x1E,0x1E,0x1E,0x1E,0x14,0x03,0x46,0x23,0x28,0x23,0x14,0x14,0x23,0x04,0x03,0x01,0x01,0x02,0x02,0x80,0x01,0x00,0x00,0x00,0x00,0x00,0x47,0x00,0x00,0x00,0x00,0x8AF198,0x80B808,0x80BC59,0x80C069,0x80C479,0x80C4BA,0x80C4FB,0x00
1D Ranger,0x02CD,0x0319,0x1D,0x19,0x18,0x00,0x97,0x0C,0x15,0x07,0x0B,0x08,0x05,0x02,0x09,0x07,0x3C,0x1E,0x1E,0x1E,0x1E,0x1E,0x19,0x03,0x3C,0x23,0x28,0x23,0x14,0x0F,0x23,0x03,0x02,0x01,0x01,0x03,0x03,0x03,0x05,0x00,0x00,0x1F,0x00,0x00,0x1F,0x00,0x00,0x00,0x00,0x8AF1B0,0x80BB55,0x80BFA6,0x80C3B6,0x80C479,0x80C4BA,0x80C4FB,0x00
1E Ranger,0x02CD,0x0319,0x1E,0x1A,0x18,0x00,0x97,0x0C,0x15,0x07,0x0B,0x08,0x05,0x02,0x09,0x07,0x3C,0x1E,0x1E,0x1E,0x1E,0x1E,0x19,0x03,0x3C,0x23,0x28,0x23,0x14,0x0F,0x23,0x02,0x02,0x02,0x01,0x03,0x03,0x03,0x05,0x00,0x00,0x1F,0x00,0x00,0x1F,0x00,0x00,0x00,0x00,0x8AF1C0,0x80BB55,0x80BFA6,0x80C3B6,0x80C479,0x80C4BA,0x80C4FB,0x00
1F Wyvern Rider,0x02CE,0x031A,0x1F,0x21,0x19,0x00,0x88,0x0D,0x14,0x07,0x03,0x05,0x08,0x00,0x0A,0x07,0x3C,0x14,0x14,0x14,0x14,0x14,0x19,0x03,0x46,0x2D,0x23,0x1E,0x23,0x0A,0x19,0x00,0x00,0x00,0x00,0x00,0x00,0x03,0x08,0x00,0x00,0x00,0x1F,0x00,0x00,0x00,0x00,0x00,0x00,0x8AF1D0,0x80BB96,0x80BFE7,0x80C3F7,0x80C53C,0x80C57D,0x80C5BE,0x00
20 Low-voice,0xEB,0x032C,0x20,0x2F,0x26,0x01,0x7E,0x1B,0x17,0x02,0x06,0x04,0x04,0x07,0x08,0x02,0x3C,0x14,0x14,0x14,0x14,0x14,0x14,0x03,0x4B,0x14,0x28,0x1E,0x0A,0x32,0x14,0x01,0x02,0x00,0x01,0x01,0x02,0x00,0x00,0x00,0x00,0x00,0x00,0x00,0x00,0x00,0x00,0x00,0x1F,0x01033CFC,0x80BA10,0x80BE61,0x80C271,0x80C479,0x80C4BA,0x80C4FB,0x00
21 Wyvern Lord,0x02CF,0x031B,0x21,0x1F,0x1B,0x00,0x89,0x0E,0x1B,0x0C,0x06,0x08,0x0B,0x01,0x0B,0x08,0x3C,0x1E,0x1E,0x1E,0x1E,0x1E,0x19,0x03,0x46,0x2D,0x23,0x1E,0x23,0x0A,0x14,0x04,0x02,0x02,0x00,0x02,0x00,0x03,0x09,0x00,0x00,0x1F,0x47,0x00,0x00,0x00,0x00,0x00,0x00,0x8AF1E8,0x80BB96,0x80BFE7,0x80C3F7,0x80C53C,0x80C57D,0x80C5BE,0x00
22 Wyvern Lord,0x02CF,0x031B,0x22,0x20,0x1C,0x00,0x89,0x0E,0x1B,0x0C,0x06,0x08,0x0B,0x01,0x0B,0x08,0x3C,0x1E,0x1E,0x1E,0x1E,0x1E,0x19,0x03,0x4B,0x2D,0x23,0x1E,0x23,0x0A,0x14,0x00,0x00,0x00,0x00,0x00,0x00,0x03,0x09,0x00,0x00,0x1F,0x47,0x00,0x00,0x00,0x00,0x00,0x00,0x8AF1F8,0x80BB96,0x80BFE7,0x80C3F7,0x80C53C,0x80C57D,0x80C5BE,0x00
23 Wyvern Kn.,0x02D0,0x031C,0x23,0x1F,0x1D,0x00,0x93,0x0F,0x1B,0x0B,0x08,0x0A,0x0A,0x00,0x0B,0x08,0x3C,0x1E,0x1E,0x1E,0x1E,0x1E,0x19,0x03,0x41,0x28,0x2D,0x2D,0x19,0x14,0x19,0x03,0x01,0x02,0x03,0x00,0x01,0x03,0x09,0x00,0x00,0x00,0x47,0x00,0x00,0x00,0x00,0x00,0x00,0x8AF208,0x80BB96,0x80BFE7,0x80C3F7,0x80C53C,0x80C57D,0x80C5BE,0x00
24 Wyvern Kn.,0x02D0,0x031C,0x24,0x20,0x1D,0x00,0x93,0x0F,0x1B,0x0B,0x08,0x0A,0x0A,0x00,0x0B,0x08,0x3C,0x1E,0x1E,0x1E,0x1E,0x1E,0x19,0x03,0x41,0x28,0x2D,0x2D,0x19,0x14,0x19,0x03,0x02,0x01,0x02,0x01,0x01,0x03,0x09,0x00,0x00,0x00,0x47,0x00,0x00,0x00,0x00,0x00,0x00,0x8AF214,0x80BB96,0x80BFE7,0x80C3F7,0x80C53C,0x80C57D,0x80C5BE,0x00
25 Mage,0x02D1,0x031D,0x25,0x27,0x1E,0x00,0x7C,0x12,0x10,0x01,0x06,0x05,0x03,0x04,0x06,0x05,0x3C,0x14,0x14,0x14,0x14,0x14,0x14,0x03,0x37,0x14,0x28,0x23,0x0F,0x28,0x14,0x01,0x00,0x01,0x02,0x01,0x02,0x00,0x00,0x00,0x00,0x00,0x00,0x00,0x00,0x00,0x1F,0x00,0x00,0x8AF220,0x80BA10,0x80BE61,0x80C271,0x80C479,0x80C4BA,0x80C4FB,0x00
26 Mage,0x02D1,0x031D,0x26,0x28,0x1F,0x00,0x7C,0x12,0x12,0x01,0x06,0x05,0x03,0x04,0x06,0x05,0x3C,0x14,0x14,0x14,0x14,0x14,0x14,0x03,0x37,0x14,0x28,0x23,0x0F,0x28,0x14,0x00,0x00,0x00,0x00,0x00,0x00,0x00,0x00,0x00,0x00,0x00,0x00,0x00,0x00,0x00,0x1F,0x00,0x00,0x8AF234,0x80BA10,0x80BE61,0x80C271,0x80C479,0x80C4BA,0x80C4FB,0x00
27 Sage,0x02D2,0x031E,0x27,0x25,0x20,0x00,0x7D,0x13,0x14,0x03,0x0A,0x08,0x04,0x08,0x07,0x06,0x3C,0x1E,0x1E,0x1E,0x1E,0x1E,0x14,0x03,0x37,0x14,0x28,0x23,0x0F,0x28,0x14,0x04,0x01,0x00,0x00,0x03,0x03,0x00,0x01,0x00,0x00,0x00,0x00,0x00,0x00,0x1F,0x47,0x1F,0x00,0x8AF248,0x80BA10,0x80BE61,0x80C271,0x80C479,0x80C4BA,0x80C4FB,0x00
28 Sage,0x02D2,0x031E,0x28,0x26,0x21,0x00,0x7D,0x13,0x14,0x03,0x0A,0x08,0x04,0x08,0x07,0x06,0x3C,0x1E,0x1E,0x1E,0x1E,0x1E,0x14,0x03,0x37,0x14,0x28,0x23,0x0F,0x28,0x14,0x03,0x01,0x01,0x00,0x03,0x03,0x00,0x01,0x00,0x00,0x00,0x00,0x00,0x00,0x1F,0x47,0x1F,0x00,0x8AF260,0x80BA10,0x80BE61,0x80C271,0x80C479,0x80C4BA,0x80C4FB,0x00
29 Mage Knight,0x02D3,0x031F,0x29,0x25,0x22,0x00,0x95,0x14,0x14,0x03,0x09,0x06,0x04,0x08,0x07,0x07,0x3C,0x1E,0x1E,0x1E,0x1E,0x1E,0x19,0x03,0x37,0x14,0x28,0x23,0x0F,0x28,0x14,0x04,0x02,0x00,0x00,0x02,0x02,0x03,0x05,0x00,0x00,0x00,0x00,0x00,0x00,0x1F,0x47,0x00,0x00,0x8AF278,0x80BAD3,0x80BF24,0x80C334,0x80C479,0x80C4BA,0x80C4FB,0x00
2A Mage Knight,0x02D3,0x031F,0x2A,0x26,0x23,0x00,0x95,0x14,0x14,0x03,0x09,0x06,0x04,0x08,0x07,0x07,0x3C,0x1E,0x1E,0x1E,0x1E,0x1E,0x19,0x03,0x37,0x14,0x28,0x23,0x0F,0x28,0x14,0x03,0x02,0x01,0x00,0x02,0x02,0x03,0x05,0x00,0x00,0x00,0x00,0x00,0x00,0x1F,0x47,0x00,0x00,0x8AF290,0x80BAD3,0x80BF24,0x80C334,0x80C479,0x80C4BA,0x80C4FB,0x00
2B Bishop,0x02D4,0x0320,0x2B,0x45,0x24,0x00,0x7B,0x18,0x12,0x03,0x08,0x0C,0x02,0x09,0x07,0x06,0x3C,0x1E,0x1E,0x1E,0x1E,0x1E,0x14,0x03,0x2D,0x14,0x28,0x2D,0x0A,0x28,0x2D,0x03,0x02,0x01,0x00,0x03,0x02,0x00,0x01,0x00,0x00,0x00,0x00,0x00,0x00,0x47,0x00,0x1F,0x00,0x8AF2A8,0x80BA10,0x80BE61,0x80C271,0x80C479,0x80C4BA,0x80C4FB,0x0880C6C2
2C Bishop,0x02D4,0x0320,0x2C,0x4A,0x25,0x00,0x7B,0x18,0x12,0x03,0x08,0x0C,0x02,0x09,0x07,0x06,0x3C,0x1E,0x1E,0x1E,0x1E,0x1E,0x14,0x03,0x2D,0x14,0x28,0x2D,0x0A,0x28,0x2D,0x03,0x01,0x02,0x01,0x02,0x02,0x00,0x01,0x00,0x00,0x00,0x00,0x00,0x00,0x47,0x00,0x1F,0x00,0x8AF2C0,0x80BA10,0x80BE61,0x80C271,0x80C479,0x80C4BA,0x80C4FB,0x0880C6C2
2D Shaman,0x02E1,0x032C,0x2D,0x2F,0x6B,0x01,0x7E,0x1B,0x17,0x02,0x06,0x04,0x04,0x07,0x08,0x05,0x3C,0x14,0x14,0x14,0x14,0x14,0x14,0x03,0x4B,0x14,0x28,0x1E,0x0A,0x32,0x14,0x01,0x02,0x00,0x01,0x01,0x02,0x00,0x00,0x00,0x00,0x00,0x00,0x00,0x00,0x00,0x00,0x00,0x1F,0x8AF2D8,0x80BA10,0x80BE61,0x80C271,0x80C479,0x80C4BA,0x80C4FB,0x00
2E Shaman,0x02E1,0x032C,0x2E,0x30,0x26,0x01,0x7E,0x1B,0x17,0x02,0x06,0x04,0x04,0x07,0x08,0x05,0x3C,0x14,0x14,0x14,0x14,0x14,0x14,0x03,0x4B,0x14,0x28,0x1E,0x0A,0x32,0x14,0x00,0x00,0x00,0x00,0x00,0x00,0x00,0x00,0x00,0x00,0x00,0x00,0x00,0x00,0x00,0x00,0x00,0x1F,0x8AF2EC,0x80BA10,0x80BE61,0x80C271,0x80C479,0x80C4BA,0x80C4FB,0x00
2F Druid,0x02E2,0x032D,0x2F,0x2D,0x27,0x01,0x7F,0x1C,0x1E,0x04,0x0A,0x07,0x05,0x0C,0x08,0x06,0x3C,0x1E,0x1E,0x1E,0x1E,0x1E,0x14,0x03,0x4B,0x14,0x28,0x1E,0x0A,0x32,0x14,0x04,0x00,0x00,0x03,0x02,0x02,0x00,0x01,0x00,0x00,0x00,0x00,0x00,0x00,0x01,0x1F,0x00,0x47,0x8AF300,0x80BA10,0x80BE61,0x80C271,0x80C479,0x80C4BA,0x80C4FB,0x00
30 Druid,0x02E2,0x032D,0x30,0x2E,0x27,0x01,0x7F,0x1C,0x1E,0x04,0x0A,0x07,0x05,0x0C,0x08,0x06,0x3C,0x1E,0x1E,0x1E,0x1E,0x1E,0x14,0x03,0x4B,0x14,0x28,0x1E,0x0A,0x32,0x14,0x00,0x00,0x00,0x00,0x00,0x00,0x00,0x01,0x00,0x00,0x00,0x00,0x00,0x00,0x01,0x1F,0x00,0x47,0x8AF318,0x80BA10,0x80BE61,0x80C271,0x80C479,0x80C4BA,0x80C4FB,0x00
31 Summoner,0x02E3,0x032E,0x31,0x2D,0x28,0x00,0x7F,0x1D,0x1E,0x04,0x0A,0x07,0x05,0x0C,0x08,0x06,0x3C,0x1E,0x1E,0x1E,0x1E,0x1E,0x14,0x03,0x4B,0x14,0x28,0x1E,0x0A,0x32,0x14,0x03,0x00,0x01,0x03,0x01,0x03,0x00,0x01,0x00,0x08,0x00,0x00,0x00,0x00,0x01,0x00,0x00,0x47,0x8AF330,0x80BA10,0x80BE61,0x80C271,0x80C479,0x80C4BA,0x80C4FB,0x00
32 Summoner,0x02E3,0x032E,0x32,0x2E,0x28,0x00,0x7F,0x1D,0x1E,0x04,0x0A,0x07,0x05,0x0C,0x08,0x06,0x3C,0x1E,0x1E,0x1E,0x1E,0x1E,0x14,0x03,0x4B,0x14,0x28,0x1E,0x0A,0x32,0x14,0x00,0x00,0x00,0x00,0x00,0x00,0x00,0x01,0x00,0x08,0x00,0x00,0x00,0x00,0x01,0x00,0x00,0x47,0x8AF348,0x80BA10,0x80BE61,0x80C271,0x80C479,0x80C4BA,0x80C4FB,0x00
33 Rogue,0x02DB,0x0326,0x33,0x0D,0x29,0x00,0x94,0x09,0x12,0x09,0x11,0x11,0x02,0x00,0x08,0x06,0x3C,0x1E,0x1E,0x1E,0x1E,0x1E,0x14,0x03,0x32,0x28,0x32,0x37,0x05,0x14,0x28,0x02,0x01,0x01,0x00,0x02,0x02,0x0C,0x01,0x00,0x00,0x01,0x00,0x00,0x00,0x00,0x00,0x00,0x00,0x8AF360,0x80B9CF,0x80BE20,0x80C230,0x80C479,0x80C4BA,0x80C4FB,0x00
34 Gorgon Egg,0x0300,0x034C,0x34,0x00,0x2A,0x00,0xA6,0x00,0x32,0x00,0x00,0x00,0x0A,0x0A,0x06,0x00,0x3C,0x1E,0x1E,0x1E,0x1E,0x1E,0x1E,0x03,0x64,0x00,0x00,0x00,0x00,0x00,0x00,0x00,0x00,0x00,0x00,0x00,0x00,0x00,0x00,0x00,0x00,0x00,0x00,0x00,0x00,0x00,0x00,0x00,0x00,0x00,0x00,0x00,0x00,0x80C479,0x80C4BA,0x80C4FB,0x00
35 Great Knight,0x02E0,0x032B,0x35,0x09,0x2B,0x01,0x96,0x22,0x1E,0x09,0x07,0x06,0x0B,0x03,0x0D,0x06,0x3C,0x1E,0x1E,0x1E,0x1E,0x1E,0x19,0x03,0x46,0x28,0x1E,0x0F,0x2D,0x14,0x14,0x03,0x02,0x01,0x02,0x02,0x01,0x03,0x05,0x00,0x00,0x01,0x1F,0x1F,0x00,0x00,0x00,0x00,0x00,0x8AF36C,0x80BAD3,0x80BF24,0x80C334,0x80C479,0x80C4BA,0x80C4FB,0x00
36 Great Knight,0x02E0,0x032B,0x36,0x0A,0x2B,0x01,0x96,0x22,0x1E,0x09,0x07,0x06,0x0B,0x03,0x0D,0x06,0x3C,0x1E,0x1E,0x1E,0x1E,0x1E,0x19,0x03,0x46,0x28,0x1E,0x0F,0x2D,0x14,0x14,0x03,0x01,0x01,0x02,0x02,0x02,0x03,0x05,0x00,0x00,0x01,0x1F,0x1F,0x00,0x00,0x00,0x00,0x00,0x8AF38C,0x80BAD3,0x80BF24,0x80C334,0x80C479,0x80C4BA,0x80C4FB,0x00
37 Recruit,0x02DA,0x0332,0x37,0x3A,0x2C,0x00,0x8A,0x28,0x12,0x05,0x03,0x03,0x06,0x00,0x06,0x05,0x3C,0x14,0x14,0x14,0x14,0x14,0x14,0x03,0x4B,0x2D,0x28,0x28,0x19,0x23,0x28,0x02,0x01,0x01,0x01,0x02,0x01,0x00,0x00,0x00,0x00,0x00,0x1F,0x00,0x00,0x00,0x00,0x00,0x00,0x8AF3AC,0x80B849,0x80BC9A,0x80C0AA,0x80C479,0x80C4BA,0x80C4FB,0x00
38 Journeyman,0x02D8,0x0324,0x38,0x7E,0x2D,0x00,0x74,0x27,0x1C,0x08,0x05,0x06,0x05,0x00,0x08,0x06,0x3C,0x1A,0x1D,0x1C,0x17,0x17,0x14,0x03,0x55,0x37,0x28,0x20,0x12,0x14,0x28,0x04,0x01,0x02,0x02,0x02,0x02,0x40,0x01,0x00,0x00,0x00,0x00,0x47,0x00,0x00,0x00,0x00,0x00,0x8AF3B8,0x80B8CB,0x80BD1C,0x80C12C,0x80C479,0x80C4BA,0x80C4FB,0x00
39 Pupil,0x02D9,0x0325,0x39,0x7F,0x2E,0x00,0x7C,0x29,0x14,0x05,0x04,0x04,0x05,0x05,0x05,0x06,0x3C,0x1D,0x1C,0x1B,0x15,0x1A,0x14,0x03,0x37,0x37,0x28,0x23,0x0A,0x1E,0x28,0x04,0x02,0x00,0x01,0x03,0x03,0x00,0x01,0x00,0x00,0x00,0x00,0x00,0x00,0x00,0x47,0x01,0x1F,0x8AF3D0,0x80BA10,0x80BE61,0x80C271,0x80C479,0x80C4BA,0x80C4FB,0x00
3A Recruit,0x02DA,0x0332,0x3A,0x37,0x2C,0x00,0x8A,0x28,0x17,0x06,0x06,0x0B,0x07,0x06,0x06,0x06,0x3C,0x17,0x1E,0x1D,0x16,0x1A,0x14,0x03,0x4B,0x2D,0x28,0x28,0x19,0x23,0x28,0x02,0x02,0x01,0x01,0x02,0x01,0x40,0x01,0x00,0x00,0x00,0x47,0x00,0x00,0x00,0x00,0x00,0x00,0x8AF3E4,0x80B849,0x80BC9A,0x80C0AA,0x80C479,0x80C4BA,0x80C4FB,0x00
3B Manakete,0x02D7,0x0323,0x3B,0x1F,0x2F,0x00,0xA9,0x1F,0x14,0x00,0x00,0x02,0x01,0x01,0x19,0x03,0x3C,0x14,0x14,0x14,0x14,0x14,0x19,0x03,0x5F,0x28,0x1E,0x14,0x00,0x0A,0x19,0x00,0x00,0x00,0x00,0x00,0x00,0x00,0x01,0x04,0x00,0x00,0x00,0x00,0x00,0x00,0x00,0x00,0x00,0x8AF3F0,0x80BB96,0x80BFE7,0x80C3F7,0x80C53C,0x80C57D,0x80C5BE,0x00
3C Manakete,0x02D7,0x0323,0x3C,0x20,0x30,0x00,0x8F,0x1F,0x0C,0x00,0x00,0x02,0x02,0x02,0x05,0x06,0x3C,0x14,0x14,0x14,0x14,0x14,0x14,0x02,0x5F,0x28,0x1E,0x14,0x00,0x0A,0x19,0x00,0x00,0x00,0x00,0x00,0x00,0x00,0x00,0x04,0x00,0x00,0x00,0x00,0x00,0x00,0x00,0x00,0x00,0x8AF3FC,0x80BB96,0x80BFE7,0x80C3F7,0x80C53C,0x80C57D,0x80C5BE,0x00
3D Journeyman,0x02D8,0x0324,0x3D,0x00,0x2D,0x00,0x74,0x27,0x0E,0x03,0x00,0x01,0x01,0x00,0x08,0x04,0x3C,0x14,0x14,0x14,0x14,0x14,0x14,0x01,0x55,0x37,0x28,0x20,0x12,0x14,0x28,0x00,0x00,0x00,0x00,0x00,0x00,0x00,0x00,0x08,0x00,0x00,0x00,0x01,0x00,0x00,0x00,0x00,0x00,0x8AF408,0x80B8CB,0x80BD1C,0x80C12C,0x80C479,0x80C4BA,0x80C4FB,0x00
3E Pupil,0x02D9,0x0325,0x3E,0x00,0x2E,0x00,0x7C,0x29,0x0D,0x01,0x00,0x01,0x00,0x03,0x05,0x04,0x3C,0x14,0x14,0x14,0x14,0x14,0x14,0x01,0x37,0x37,0x28,0x23,0x0A,0x1E,0x28,0x00,0x00,0x00,0x00,0x00,0x00,0x00,0x00,0x08,0x00,0x00,0x00,0x00,0x00,0x00,0x01,0x00,0x00,0x8AF420,0x80BA10,0x80BE61,0x80C271,0x80C479,0x80C4BA,0x80C4FB,0x00
3F Fighter,0x02DC,0x0327,0x3F,0x40,0x31,0x00,0x74,0x23,0x17,0x08,0x06,0x04,0x03,0x04,0x0B,0x05,0x3C,0x14,0x14,0x14,0x14,0x14,0x14,0x03,0x50,0x37,0x23,0x1E,0x0F,0x1E,0x0F,0x02,0x02,0x01,0x00,0x00,0x01,0x00,0x00,0x00,0x00,0x00,0x00,0x1F,0x00,0x00,0x00,0x00,0x00,0x8AF434,0x80B8CB,0x80BD1C,0x80C12C,0x80C479,0x80C4BA,0x80C4FB,0x00
40 Warrior,0x02DD,0x0328,0x40,0x3F,0x32,0x00,0x75,0x25,0x1C,0x0D,0x09,0x07,0x04,0x07,0x0D,0x06,0x3C,0x1E,0x1E,0x1E,0x1E,0x1E,0x19,0x03,0x50,0x37,0x23,0x1E,0x0F,0x1E,0x0F,0x03,0x01,0x02,0x00,0x03,0x03,0x00,0x01,0x00,0x00,0x00,0x00,0x47,0x01,0x00,0x00,0x00,0x00,0x8AF44C,0x80B8CB,0x80BD1C,0x80C12C,0x80C479,0x80C4BA,0x80C4FB,0x00
41 Brigand,0x02DE,0x0329,0x41,0x43,0x33,0x00,0x8B,0x00,0x1A,0x09,0x02,0x06,0x01,0x00,0x0C,0x05,0x3C,0x14,0x14,0x14,0x14,0x14,0x14,0x03,0x5A,0x2D,0x1E,0x28,0x0A,0x14,0x0F,0x02,0x01,0x01,0x00,0x01,0x01,0x00,0x00,0x00,0x00,0x00,0x00,0x1F,0x00,0x00,0x00,0x00,0x00,0x8AF468,0x80B94D,0x80BD9E,0x80C1AE,0x80C479,0x80C4BA,0x80C4FB,0x0880C5FF
42 Pirate,0x02EE,0x033A,0x42,0x43,0x34,0x00,0x8C,0x24,0x13,0x04,0x02,0x06,0x03,0x00,0x0A,0x05,0x3C,0x14,0x14,0x14,0x14,0x14,0x14,0x03,0x4B,0x32,0x23,0x19,0x0A,0x0D,0x0F,0x02,0x02,0x00,0x01,0x01,0x00,0x00,0x00,0x00,0x00,0x00,0x00,0x1F,0x00,0x00,0x00,0x00,0x00,0x8AF480,0x80B98E,0x80BDDF,0x80C1EF,0x80C479,0x80C4BA,0x80C4FB,0x0880C640
43 Berserker,0x02DF,0x032A,0x43,0x42,0x35,0x00,0x8D,0x26,0x21,0x0E,0x08,0x0E,0x03,0x04,0x0D,0x06,0x3C,0x1E,0x1E,0x1E,0x1E,0x1E,0x19,0x03,0x5A,0x37,0x1E,0x28,0x0A,0x14,0x0F,0x04,0x01,0x01,0x01,0x02,0x02,0x40,0x01,0x00,0x00,0x00,0x00,0x47,0x00,0x00,0x00,0x00,0x00,0x8AF498,0x80B90C,0x80BD5D,0x80C16D,0x80C479,0x80C4BA,0x80C4FB,0x0880C681
44 Monk,0x02E4,0x032F,0x44,0x00,0x36,0x00,0x7A,0x17,0x0E,0x01,0x04,0x07,0x01,0x05,0x06,0x05,0x3C,0x14,0x14,0x14,0x14,0x14,0x14,0x03,0x28,0x14,0x28,0x2D,0x0A,0x28,0x2D,0x00,0x00,0x00,0x00,0x00,0x00,0x00,0x00,0x00,0x00,0x00,0x00,0x00,0x00,0x00,0x01,0x00,0x00,0x8AF4B0,0x80BA10,0x80BE61,0x80C271,0x80C479,0x80C4BA,0x80C4FB,0x0880C6C2
45 Priest,0x02E6,0x0330,0x45,0x27,0x37,0x00,0x7A,0x15,0x0E,0x01,0x04,0x07,0x01,0x05,0x06,0x05,0x3C,0x14,0x14,0x14,0x14,0x14,0x14,0x03,0x28,0x14,0x28,0x2D,0x0A,0x28,0x2D,0x00,0x00,0x00,0x00,0x00,0x00,0x00,0x00,0x00,0x00,0x00,0x00,0x00,0x00,0x1F,0x00,0x00,0x00,0x8AF4C4,0x80BA10,0x80BE61,0x80C271,0x80C479,0x80C4BA,0x80C4FB,0x0880C6C2
46 Bard,0x02E5,0x0331,0x46,0x00,0x38,0x00,0x8B,0x00,0x0E,0x01,0x02,0x07,0x01,0x00,0x06,0x05,0x3C,0x0A,0x0A,0x1E,0x18,0x1A,0x14,0x02,0x2D,0x2D,0x1E,0x3C,0x00,0x0D,0x46,0x00,0x00,0x00,0x00,0x00,0x00,0x20,0x00,0x00,0x00,0x00,0x00,0x00,0x00,0x00,0x00,0x00,0x00,0x00,0x80B849,0x80BC9A,0x80C0AA,0x80C479,0x80C4BA,0x80C4FB,0x00
47 Recruit,0x02DA,0x0332,0x47,0x00,0x2C,0x00,0x8A,0x28,0x0D,0x03,0x00,0x01,0x00,0x01,0x06,0x04,0x3C,0x14,0x14,0x14,0x14,0x14,0x14,0x01,0x4B,0x2D,0x28,0x28,0x19,0x23,0x28,0x00,0x00,0x00,0x00,0x00,0x00,0x00,0x00,0x08,0x00,0x00,0x01,0x00,0x00,0x00,0x00,0x00,0x00,0x8AF4D0,0x80B849,0x80BC9A,0x80C0AA,0x80C479,0x80C4BA,0x80C4FB,0x00
48 Pegasus Kn.,0x02E7,0x0333,0x48,0x49,0x39,0x00,0x86,0x10,0x14,0x04,0x08,0x08,0x02,0x05,0x05,0x07,0x3C,0x14,0x14,0x14,0x14,0x14,0x19,0x03,0x41,0x23,0x28,0x32,0x0F,0x28,0x23,0x00,0x00,0x00,0x00,0x00,0x00,0x03,0x10,0x00,0x00,0x00,0x1F,0x00,0x00,0x00,0x00,0x00,0x00,0x8AF4DC,0x80BB96,0x80BFE7,0x80C3F7,0x80C53C,0x80C57D,0x80C5BE,0x00
49 Falcoknight,0x02E8,0x0334,0x49,0x48,0x3A,0x00,0x87,0x11,0x0F,0x07,0x0C,0x0D,0x03,0x06,0x06,0x08,0x3C,0x1E,0x1E,0x1E,0x1E,0x1E,0x19,0x03,0x3C,0x23,0x28,0x32,0x0F,0x28,0x23,0x05,0x02,0x00,0x02,0x02,0x02,0x03,0x11,0x00,0x00,0x01,0x47,0x00,0x00,0x00,0x00,0x00,0x00,0x8AF4E8,0x80BB96,0x80BFE7,0x80C3F7,0x80C53C,0x80C57D,0x80C5BE,0x00
4A Cleric,0x02E9,0x0335,0x4A,0x2C,0x3B,0x00,0x7A,0x16,0x0E,0x01,0x04,0x07,0x01,0x05,0x06,0x05,0x3C,0x14,0x14,0x14,0x14,0x14,0x14,0x02,0x28,0x14,0x28,0x2D,0x0A,0x28,0x2D,0x00,0x00,0x00,0x00,0x00,0x00,0x00,0x00,0x00,0x00,0x00,0x00,0x00,0x00,0x1F,0x00,0x00,0x00,0x8AF4F8,0x80BA10,0x80BE61,0x80C271,0x80C479,0x80C4BA,0x80C4FB,0x0880C6C2
4B Troubadour,0x02EA,0x0336,0x4B,0x4C,0x3C,0x00,0x82,0x19,0x0D,0x01,0x01,0x03,0x02,0x05,0x05,0x06,0x3C,0x14,0x14,0x14,0x14,0x14,0x19,0x02,0x28,0x14,0x23,0x32,0x0C,0x28,0x2D,0x00,0x00,0x00,0x00,0x00,0x00,0x03,0x04,0x00,0x00,0x00,0x00,0x00,0x00,0x1F,0x00,0x00,0x00,0x8AF504,0x80BA92,0x80BEE3,0x80C2F3,0x80C479,0x80C4BA,0x80C4FB,0x00
4C Valkyrie,0x02EB,0x0337,0x4C,0x4B,0x3D,0x00,0x83,0x1A,0x11,0x03,0x04,0x08,0x04,0x09,0x06,0x07,0x3C,0x19,0x18,0x19,0x18,0x1C,0x19,0x03,0x2D,0x14,0x23,0x32,0x0C,0x28,0x2D,0x03,0x02,0x01,0x00,0x02,0x03,0x03,0x05,0x00,0x00,0x00,0x00,0x00,0x00,0x1F,0x00,0x1F,0x00,0x8AF510,0x80BAD3,0x80BF24,0x80C334,0x80C479,0x80C4BA,0x80C4FB,0x00
4D Bard,0x0D7E,0x0338,0x4D,0x00,0x3E,0x00,0x8B,0x2A,0x0E,0x01,0x02,0x07,0x00,0x01,0x04,0x05,0x3C,0x0A,0x0A,0x1E,0x18,0x1A,0x14,0x02,0x2D,0x2D,0x1E,0x3C,0x00,0x0D,0x46,0x00,0x00,0x00,0x00,0x00,0x00,0x10,0x00,0x00,0x00,0x00,0x00,0x00,0x00,0x00,0x00,0x00,0x00,0x8AF528,0x80B849,0x80BC9A,0x80C0AA,0x80C479,0x80C4BA,0x80C4FB,0x00
4E Soldier,0x02ED,0x0339,0x4E,0x00,0x3F,0x00,0x8A,0x00,0x19,0x08,0x05,0x03,0x01,0x00,0x08,0x05,0x3C,0x14,0x14,0x14,0x14,0x14,0x14,0x02,0x50,0x32,0x1E,0x14,0x0C,0x0F,0x19,0x00,0x00,0x00,0x00,0x00,0x00,0x00,0x00,0x00,0x00,0x00,0x01,0x00,0x00,0x00,0x00,0x00,0x00,0x8AF53C,0x80B849,0x80BC9A,0x80C0AA,0x80C479,0x80C4BA,0x80C4FB,0x00
4F Necromancer,0x02EF,0x033B,0x4F,0x2D,0x40,0x00,0x7F,0x2B,0x12,0x09,0x04,0x05,0x03,0x08,0x07,0x06,0x50,0x1E,0x19,0x19,0x1E,0x1E,0x19,0x03,0x2D,0x37,0x1E,0x19,0x0A,0x23,0x14,0x00,0x00,0x00,0x00,0x00,0x00,0x00,0x01,0x00,0x08,0x00,0x00,0x00,0x00,0xFB,0x00,0x00,0xFB,0x8AF548,0x80BA10,0x80BE61,0x80C271,0x80C479,0x80C4BA,0x80C4FB,0x00
50 Fleet,0x02F0,0x033C,0x50,0x00,0x41,0x00,0x92,0x00,0x13,0x01,0x01,0x02,0x05,0x00,0x19,0x03,0x3C,0x14,0x14,0x14,0x1E,0x14,0x19,0x03,0x4B,0x23,0x28,0x20,0x0F,0x0F,0x0F,0x00,0x00,0x00,0x00,0x00,0x00,0x00,0x00,0x00,0x00,0x00,0x00,0x00,0x47,0x00,0x00,0x00,0x00,0x00,0x80B98E,0x80BDDF,0x80C1EF,0x80C479,0x80C4BA,0x80C4FB,0x00
51 Shade,0xF9,0xFA,0x51,0x00,0x42,0x00,0xAF,0x1E,0x01,0x00,0x00,0x00,0x00,0x00,0x00,0x05,0x01,0x00,0x00,0x00,0x00,0x00,0x00,0x03,0x00,0x00,0x00,0x00,0x00,0x00,0x00,0x00,0x00,0x00,0x00,0x00,0x00,0x00,0x00,0x00,0x00,0x00,0x00,0x00,0x00,0x00,0x00,0x00,0x00,0x00,0x80BB96,0x80BFE7,0x80C3F7,0x80C53C,0x80C57D,0x80C5BE,0x00
52 Revenant,0x02F2,0x033E,0x52,0x53,0x43,0x00,0x99,0x00,0x1E,0x06,0x00,0x00,0x00,0x02,0x06,0x04,0x3C,0x14,0x14,0x14,0x14,0x14,0x14,0x03,0x64,0x32,0x1E,0x14,0x0A,0x19,0x0A,0x00,0x00,0x00,0x00,0x00,0x00,0x00,0x00,0x04,0x00,0x00,0x00,0x00,0x00,0x00,0x00,0x00,0x00,0x8AF560,0x80B849,0x80BC9A,0x80C0AA,0x80C479,0x80C4BA,0x80C4FB,0x00
53 Entombed,0x02F3,0x033F,0x53,0x52,0x44,0x00,0x9A,0x00,0x23,0x03,0x00,0x01,0x00,0x00,0x06,0x05,0x50,0x19,0x16,0x15,0x18,0x16,0x19,0x01,0x55,0x28,0x19,0x11,0x0A,0x0D,0x32,0x00,0x00,0x00,0x00,0x00,0x00,0x00,0x01,0x04,0x00,0x00,0x00,0x00,0x00,0x00,0x00,0x00,0x00,0x8AF56C,0x80B849,0x80BC9A,0x80C0AA,0x80C479,0x80C4BA,0x80C4FB,0x00
54 Bonewalker,0x02F4,0x0340,0x54,0x56,0x45,0x00,0x9B,0x00,0x1B,0x09,0x05,0x06,0x07,0x00,0x07,0x05,0x3C,0x14,0x14,0x14,0x14,0x14,0x14,0x03,0x50,0x32,0x2D,0x28,0x28,0x19,0x0A,0x00,0x00,0x00,0x00,0x00,0x00,0x00,0x00,0x02,0x00,0x47,0x47,0x00,0x00,0x00,0x00,0x00,0x00,0x8AF578,0x80B849,0x80BC9A,0x80C0AA,0x80C479,0x80C4BA,0x80C4FB,0x00
55 Bonewalker,0x02F4,0x0340,0x55,0x57,0x46,0x00,0x9B,0x00,0x12,0x04,0x03,0x02,0x03,0x00,0x06,0x05,0x3C,0x14,0x14,0x14,0x14,0x14,0x14,0x03,0x46,0x23,0x28,0x20,0x0F,0x0F,0x0A,0x00,0x00,0x00,0x00,0x00,0x00,0x00,0x00,0x00,0x00,0x00,0x00,0x00,0x47,0x00,0x00,0x00,0x00,0x8AF588,0x80B849,0x80BC9A,0x80C0AA,0x80C479,0x80C4BA,0x80C4FB,0x00
56 Wight,0x02F5,0x0341,0x56,0x54,0x47,0x00,0x9C,0x00,0x15,0x07,0x05,0x06,0x05,0x02,0x09,0x06,0x3C,0x18,0x1C,0x1A,0x16,0x17,0x19,0x03,0x41,0x19,0x19,0x14,0x0F,0x16,0x0A,0x00,0x00,0x00,0x00,0x00,0x00,0x00,0x01,0x02,0x00,0xB5,0xB5,0x00,0x00,0x00,0x00,0x00,0x00,0x8AF594,0x80B849,0x80BC9A,0x80C0AA,0x80C479,0x80C4BA,0x80C4FB,0x00
57 Wight,0x02F5,0x0341,0x57,0x55,0x48,0x00,0x9C,0x00,0x15,0x06,0x06,0x05,0x05,0x02,0x08,0x06,0x3C,0x19,0x1E,0x1C,0x19,0x17,0x14,0x03,0x41,0x1E,0x1E,0x14,0x0F,0x14,0x0A,0x00,0x00,0x00,0x00,0x00,0x00,0x00,0x01,0x00,0x00,0x00,0x00,0x00,0xB5,0x00,0x00,0x00,0x00,0x8AF5A4,0x80B849,0x80BC9A,0x80C0AA,0x80C479,0x80C4BA,0x80C4FB,0x00
58 Bael,0x02F6,0x0342,0x58,0x59,0x49,0x00,0x9D,0x00,0x19,0x06,0x03,0x03,0x06,0x01,0x0C,0x05,0x3C,0x1E,0x1C,0x1A,0x1A,0x16,0x19,0x03,0x52,0x32,0x1E,0x14,0x12,0x0D,0x0F,0x00,0x00,0x00,0x00,0x00,0x00,0x00,0x00,0x04,0x00,0x00,0x00,0x00,0x00,0x00,0x00,0x00,0x00,0x8AF5B0,0x80B94D,0x80BD9E,0x80C1AE,0x80C479,0x80C4BA,0x80C4FB,0x0880C5FF
59 Elder Bael,0x02F7,0x0343,0x59,0x58,0x4A,0x00,0x9E,0x00,0x24,0x08,0x05,0x05,0x09,0x04,0x0F,0x06,0x50,0x1E,0x1C,0x1A,0x1A,0x16,0x19,0x03,0x55,0x2D,0x19,0x14,0x15,0x11,0x0A,0x00,0x00,0x00,0x00,0x00,0x00,0x00,0x01,0x04,0x00,0x00,0x00,0x00,0x00,0x00,0x00,0x00,0x00,0x8AF5BC,0x80B94D,0x80BD9E,0x80C1AE,0x80C479,0x80C4BA,0x80C4FB,0x0880C5FF
5A Cyclops,0x02F8,0x0344,0x5A,0x09,0x4B,0x00,0x9F,0x00,0x28,0x08,0x05,0x06,0x0D,0x00,0x10,0x05,0x50,0x1D,0x1D,0x1C,0x1E,0x19,0x19,0x03,0x5F,0x1E,0x23,0x19,0x18,0x19,0x0A,0x00,0x00,0x00,0x00,0x00,0x00,0x00,0x01,0x00,0x00,0x00,0x00,0xB5,0x00,0x00,0x00,0x00,0x00,0x8AF5C8,0x80B8CB,0x80BD1C,0x80C12C,0x80C479,0x80C4BA,0x80C4FB,0x00
5B Mauthe Doog,0x02F9,0x0345,0x5B,0x5C,0x4C,0x00,0xA0,0x00,0x16,0x06,0x0C,0x0C,0x04,0x00,0x06,0x07,0x3C,0x14,0x14,0x14,0x14,0x14,0x14,0x03,0x50,0x2D,0x3C,0x3C,0x0F,0x14,0x1E,0x00,0x00,0x00,0x00,0x00,0x00,0x00,0x00,0x04,0x00,0x00,0x00,0x00,0x00,0x00,0x00,0x00,0x00,0x8AF5E0,0x80BB14,0x80BF65,0x80C375,0x80C479,0x80C4BA,0x80C4FB,0x00
5C Gwyllgi,0x02FA,0x0346,0x5C,0x5B,0x4D,0x00,0xA1,0x00,0x15,0x06,0x0C,0x0C,0x05,0x02,0x08,0x08,0x3C,0x18,0x1D,0x1E,0x16,0x17,0x14,0x03,0x41,0x1C,0x23,0x23,0x10,0x16,0x19,0x00,0x00,0x00,0x00,0x00,0x00,0x00,0x01,0x04,0x00,0x00,0x00,0x00,0x00,0x00,0x00,0x00,0x00,0x8AF5EC,0x80BB55,0x80BFA6,0x80C3B6,0x80C479,0x80C4BA,0x80C4FB,0x00
5D Tarvos,0x02FB,0x0347,0x5D,0x5E,0x4E,0x00,0xA2,0x00,0x15,0x06,0x02,0x05,0x07,0x00,0x0A,0x07,0x3C,0x14,0x14,0x14,0x14,0x14,0x14,0x03,0x50,0x23,0x28,0x1C,0x0F,0x0F,0x0A,0x00,0x00,0x00,0x00,0x00,0x00,0x00,0x00,0x00,0x00,0x00,0x00,0x47,0x00,0x00,0x00,0x00,0x00,0x8AF5F8,0x80BB14,0x80BF65,0x80C375,0x80C479,0x80C4BA,0x80C4FB,0x00
5E Maelduin,0x02FC,0x0348,0x5E,0x5D,0x4F,0x00,0xA3,0x00,0x19,0x08,0x04,0x07,0x09,0x03,0x0C,0x08,0x50,0x19,0x1A,0x18,0x19,0x19,0x19,0x03,0x4B,0x1E,0x1E,0x12,0x0D,0x14,0x0A,0x00,0x00,0x00,0x00,0x00,0x00,0x00,0x01,0x00,0x00,0x00,0x00,0xB5,0xB5,0x00,0x00,0x00,0x00,0x8AF610,0x80BB55,0x80BFA6,0x80C3B6,0x80C479,0x80C4BA,0x80C4FB,0x00
5F Mogall,0x02FD,0x0349,0x5F,0x60,0x50,0x00,0xA4,0x00,0x14,0x00,0x01,0x05,0x02,0x07,0x04,0x05,0x3C,0x14,0x14,0x14,0x14,0x14,0x14,0x03,0x46,0x0F,0x32,0x1E,0x0A,0x1C,0x1E,0x00,0x00,0x00,0x00,0x00,0x00,0x00,0x00,0x04,0x00,0x00,0x00,0x00,0x00,0x00,0x00,0x00,0x47,0x8AF62C,0x80BB96,0x80BFE7,0x80C3F7,0x80C53C,0x80C57D,0x80C5BE,0x00
60 Arch Mogall,0x02FE,0x034A,0x60,0x5F,0x51,0x00,0xA5,0x00,0x11,0x06,0x03,0x03,0x03,0x07,0x05,0x06,0x3C,0x1D,0x1A,0x1A,0x14,0x1D,0x14,0x03,0x2D,0x37,0x1E,0x19,0x0A,0x1C,0x14,0x00,0x00,0x00,0x00,0x00,0x00,0x00,0x01,0x04,0x00,0x00,0x00,0x00,0x00,0x00,0x00,0x00,0xB5,0x8AF640,0x80BB96,0x80BFE7,0x80C3F7,0x80C53C,0x80C57D,0x80C5BE,0x00
61 Gorgon,0x02FF,0x034B,0x61,0x5F,0x52,0x00,0xA6,0x00,0x13,0x08,0x03,0x04,0x05,0x07,0x0B,0x06,0x3C,0x1D,0x1A,0x1A,0x15,0x1C,0x19,0x03,0x2D,0x3C,0x1E,0x19,0x0A,0x28,0x1E,0x00,0x00,0x00,0x00,0x00,0x00,0x00,0x01,0x04,0x00,0x00,0x00,0x00,0x00,0x00,0x00,0x00,0xB5,0x8AF654,0x80BA10,0x80BE61,0x80C271,0x80C479,0x80C4BA,0x80C4FB,0x00
62 Gorgon Egg,0x0300,0x034C,0x62,0x00,0x53,0x00,0xA6,0x00,0x32,0x00,0x00,0x00,0x0A,0x0A,0x06,0x00,0x3C,0x1E,0x1E,0x1E,0x1E,0x1E,0x1E,0x03,0x64,0x00,0x00,0x00,0x00,0x00,0x00,0x00,0x00,0x00,0x00,0x00,0x00,0x00,0x00,0x00,0x00,0x00,0x00,0x00,0x00,0x00,0x00,0x00,0x00,0x00,0x00,0x00,0x00,0x80C479,0x80C4BA,0x80C4FB,0x00
63 Gargoyle,0x0301,0x034D,0x63,0x64,0x54,0x00,0xA7,0x00,0x13,0x06,0x03,0x06,0x06,0x00,0x08,0x06,0x3C,0x14,0x14,0x14,0x14,0x14,0x14,0x03,0x50,0x2D,0x23,0x23,0x19,0x0F,0x0A,0x00,0x00,0x00,0x00,0x00,0x00,0x00,0x00,0x00,0x00,0x00,0x47,0x00,0x00,0x00,0x00,0x00,0x00,0x8AF668,0x80BB96,0x80BFE7,0x80C3F7,0x80C53C,0x80C57D,0x80C5BE,0x00
64 Deathgoyle,0x0302,0x034E,0x64,0x63,0x55,0x00,0xA8,0x00,0x17,0x08,0x05,0x08,0x09,0x01,0x0B,0x07,0x3C,0x1B,0x19,0x17,0x1C,0x16,0x19,0x03,0x4B,0x28,0x1E,0x19,0x14,0x11,0x0A,0x00,0x00,0x00,0x00,0x00,0x00,0x00,0x01,0x00,0x00,0x00,0xB5,0x00,0x00,0x00,0x00,0x00,0x00,0x8AF674,0x80BB96,0x80BFE7,0x80C3F7,0x80C53C,0x80C57D,0x80C5BE,0x00
65 Draco Zombie,0x0303,0x034F,0x65,0x1F,0x56,0x00,0xA9,0x00,0x35,0x01,0x00,0x01,0x00,0x03,0x19,0x05,0x64,0x32,0x32,0x32,0x32,0x32,0x19,0x03,0x55,0x23,0x14,0x14,0x1E,0x0A,0x19,0x00,0x00,0x00,0x00,0x00,0x00,0x00,0x01,0x04,0x00,0x00,0x00,0x00,0x00,0x00,0x00,0x00,0x00,0x8AF680,0x80BB96,0x80BFE7,0x80C3F7,0x80C53C,0x80C57D,0x80C5BE,0x00
66 Demon King,0x0304,0x0350,0x66,0x1F,0x57,0x00,0xAA,0x00,0x78,0x17,0x14,0x12,0x19,0x19,0x19,0x02,0x78,0x32,0x32,0x32,0x32,0x32,0x19,0x05,0x5F,0x28,0x1E,0x14,0x14,0x14,0x19,0x00,0x00,0x00,0x00,0x00,0x00,0x00,0x01,0x04,0x00,0x00,0x00,0x00,0x00,0x00,0x00,0x00,0x00,0x8AF68C,0x80BBD7,0x80BBD7,0x80BBD7,0x80C479,0x80C4BA,0x80C4FB,0x00
"67 ",0x00,0x00,0x67,0x00,0x58,0x00,0x00,0x00,0x00,0x00,0x00,0x00,0x00,0x00,0x00,0x00,0x00,0x00,0x00,0x00,0x00,0x00,0x00,0x03,0x00,0x00,0x00,0x00,0x00,0x0A,0x00,0x00,0x00,0x00,0x00,0x00,0x00,0x00,0x00,0x00,0x00,0x00,0x00,0x00,0x00,0x00,0x00,0x00,0x00,0x00,0x00,0x00,0x00,0x80C479,0x80C4BA,0x80C4FB,0x00
"68 ",0x00,0x00,0x68,0x00,0x59,0x00,0x00,0x00,0x00,0x00,0x00,0x00,0x00,0x00,0x00,0x00,0x00,0x00,0x00,0x00,0x00,0x00,0x00,0x00,0x00,0x00,0x00,0x00,0x00,0x00,0x00,0x00,0x00,0x00,0x00,0x00,0x00,0x00,0x00,0x00,0x00,0x00,0x00,0x00,0x00,0x00,0x00,0x00,0x00,0x00,0x00,0x00,0x00,0x80C479,0x80C4BA,0x80C4FB,0x00
"69 ",0x00,0x00,0x69,0x00,0x5A,0x00,0x00,0x00,0x00,0x00,0x00,0x00,0x00,0x00,0x00,0x00,0x00,0x00,0x00,0x00,0x00,0x00,0x00,0x00,0x00,0x00,0x00,0x00,0x00,0x00,0x00,0x00,0x00,0x00,0x00,0x00,0x00,0x00,0x00,0x00,0x00,0x00,0x00,0x00,0x00,0x00,0x00,0x00,0x00,0x00,0x00,0x00,0x00,0x80C479,0x80C4BA,0x80C4FB,0x00
"6A ",0x00,0x00,0x6A,0x00,0x5B,0x00,0x00,0x00,0x00,0x00,0x00,0x00,0x00,0x00,0x00,0x00,0x00,0x00,0x00,0x00,0x00,0x00,0x00,0x00,0x00,0x00,0x00,0x00,0x00,0x00,0x00,0x00,0x00,0x00,0x00,0x00,0x00,0x00,0x00,0x00,0x00,0x00,0x00,0x00,0x00,0x00,0x00,0x00,0x00,0x00,0x00,0x00,0x00,0x80C479,0x80C4BA,0x80C4FB,0x00
"6B ",0x00,0x00,0x6B,0x00,0x5C,0x00,0x00,0x00,0x00,0x00,0x00,0x00,0x00,0x00,0x00,0x00,0x00,0x00,0x00,0x00,0x00,0x00,0x00,0x00,0x00,0x00,0x00,0x00,0x00,0x00,0x00,0x00,0x00,0x00,0x00,0x00,0x00,0x00,0x00,0x00,0x00,0x00,0x00,0x00,0x00,0x00,0x00,0x00,0x00,0x00,0x00,0x00,0x00,0x80C479,0x80C4BA,0x80C4FB,0x00
"6C ",0x00,0x00,0x6C,0x00,0x5D,0x00,0x00,0x00,0x00,0x00,0x00,0x00,0x00,0x00,0x00,0x00,0x00,0x00,0x00,0x00,0x00,0x00,0x00,0x00,0x00,0x00,0x00,0x00,0x00,0x00,0x00,0x00,0x00,0x00,0x00,0x00,0x00,0x00,0x00,0x00,0x00,0x00,0x00,0x00,0x00,0x00,0x00,0x00,0x00,0x00,0x00,0x00,0x00,0x80C479,0x80C4BA,0x80C4FB,0x00
6D Civilian,0x0305,0x0351,0x6D,0x00,0x5E,0x01,0x5E,0x00,0x08,0x01,0x00,0x00,0x00,0x00,0x04,0x05,0x3C,0x14,0x14,0x14,0x14,0x14,0x14,0x01,0x0A,0x00,0x00,0x00,0x00,0x0A,0x00,0x00,0x00,0x00,0x00,0x00,0x00,0x00,0x00,0x00,0x00,0x00,0x00,0x00,0x00,0x00,0x00,0x00,0x00,0x00,0x80BA51,0x80BEA2,0x80C2B2,0x80C479,0x80C4BA,0x80C4FB,0x00
6E Civilian,0x0305,0x0351,0x6E,0x00,0x5F,0x01,0x63,0x00,0x07,0x00,0x00,0x00,0x00,0x01,0x03,0x05,0x3C,0x14,0x14,0x14,0x14,0x14,0x14,0x01,0x0A,0x00,0x00,0x00,0x00,0x0A,0x00,0x00,0x00,0x00,0x00,0x00,0x00,0x00,0x00,0x00,0x00,0x00,0x00,0x00,0x00,0x00,0x00,0x00,0x00,0x00,0x80BA51,0x80BEA2,0x80C2B2,0x80C479,0x80C4BA,0x80C4FB,0x00
6F Civilian,0x0305,0x0351,0x6F,0x00,0x60,0x01,0x59,0x00,0x0A,0x00,0x01,0x00,0x00,0x02,0x06,0x05,0x3C,0x14,0x14,0x14,0x14,0x14,0x14,0x01,0x0A,0x00,0x00,0x00,0x00,0x0A,0x00,0x00,0x00,0x00,0x00,0x00,0x00,0x00,0x00,0x00,0x00,0x00,0x00,0x00,0x00,0x00,0x00,0x00,0x00,0x00,0x80BA51,0x80BEA2,0x80C2B2,0x80C479,0x80C4BA,0x80C4FB,0x00
70 Civilian,0x0305,0x0351,0x70,0x00,0x61,0x01,0x62,0x00,0x09,0x00,0x01,0x00,0x00,0x01,0x04,0x05,0x3C,0x14,0x14,0x14,0x14,0x14,0x14,0x01,0x0A,0x00,0x00,0x00,0x00,0x0A,0x00,0x00,0x00,0x00,0x00,0x00,0x00,0x00,0x00,0x00,0x00,0x00,0x00,0x00,0x00,0x00,0x00,0x00,0x00,0x00,0x80BA51,0x80BEA2,0x80C2B2,0x80C479,0x80C4BA,0x80C4FB,0x00
71 Civilian,0x0305,0x0351,0x71,0x00,0x60,0x01,0x5C,0x00,0x0C,0x03,0x00,0x00,0x02,0x00,0x07,0x05,0x3C,0x14,0x14,0x14,0x14,0x14,0x14,0x01,0x0A,0x00,0x00,0x00,0x00,0x0A,0x00,0x00,0x00,0x00,0x00,0x00,0x00,0x00,0x00,0x00,0x00,0x00,0x00,0x00,0x00,0x00,0x00,0x00,0x00,0x00,0x80BA51,0x80BEA2,0x80C2B2,0x80C479,0x80C4BA,0x80C4FB,0x00
72 Civilian,0x0305,0x0351,0x72,0x00,0x61,0x01,0x61,0x00,0x0A,0x00,0x01,0x00,0x01,0x01,0x05,0x05,0x3C,0x14,0x14,0x14,0x14,0x14,0x14,0x01,0x0A,0x00,0x00,0x00,0x00,0x0A,0x00,0x00,0x00,0x00,0x00,0x00,0x00,0x00,0x00,0x00,0x00,0x00,0x00,0x00,0x00,0x00,0x00,0x00,0x00,0x00,0x80BA51,0x80BEA2,0x80C2B2,0x80C479,0x80C4BA,0x80C4FB,0x00
"73 ",0x00,0x00,0x73,0x00,0x62,0x01,0x01,0x00,0x0A,0x00,0x00,0x00,0x00,0x00,0x08,0x05,0x3C,0x14,0x14,0x14,0x14,0x14,0x14,0x01,0x0A,0x00,0x00,0x00,0x00,0x0A,0x00,0x00,0x00,0x00,0x00,0x00,0x00,0x00,0x00,0x00,0x00,0x00,0x00,0x00,0x00,0x00,0x00,0x00,0x00,0x00,0x80BA51,0x80BEA2,0x80C2B2,0x80C479,0x80C4BA,0x80C4FB,0x00
74 Queen,0x0307,0x0353,0x74,0x00,0x63,0x01,0x01,0x00,0x0A,0x00,0x00,0x00,0x00,0x00,0x05,0x05,0x3C,0x14,0x14,0x14,0x14,0x14,0x14,0x01,0x0A,0x00,0x00,0x00,0x00,0x0A,0x00,0x00,0x00,0x00,0x00,0x00,0x00,0x00,0x00,0x00,0x00,0x00,0x00,0x00,0x00,0x00,0x00,0x00,0x00,0x00,0x80BA51,0x80BEA2,0x80C2B2,0x80C479,0x80C4BA,0x80C4FB,0x00
"75 ",0x00,0x00,0x75,0x00,0x64,0x01,0x01,0x00,0x0A,0x00,0x00,0x00,0x00,0x00,0x07,0x05,0x3C,0x14,0x14,0x14,0x14,0x14,0x14,0x01,0x0A,0x00,0x00,0x00,0x00,0x0A,0x00,0x00,0x00,0x00,0x00,0x00,0x00,0x00,0x00,0x00,0x00,0x00,0x00,0x00,0x00,0x00,0x00,0x00,0x00,0x00,0x80BA51,0x80BEA2,0x80C2B2,0x80C479,0x80C4BA,0x80C4FB,0x00
76 Queen,0x0307,0x0353,0x76,0x00,0x65,0x01,0x01,0x00,0x0A,0x00,0x00,0x00,0x00,0x00,0x06,0x05,0x3C,0x14,0x14,0x14,0x14,0x14,0x14,0x01,0x0A,0x00,0x00,0x00,0x00,0x0A,0x00,0x00,0x00,0x00,0x00,0x00,0x00,0x00,0x00,0x00,0x00,0x00,0x00,0x00,0x00,0x00,0x00,0x00,0x00,0x00,0x80BA51,0x80BEA2,0x80C2B2,0x80C479,0x80C4BA,0x80C4FB,0x00
"77 ",0x00,0x00,0x77,0x00,0x66,0x00,0x00,0x00,0x00,0x00,0x00,0x00,0x00,0x00,0x00,0x00,0x00,0x00,0x00,0x00,0x00,0x00,0x00,0x00,0x00,0x00,0x00,0x00,0x00,0x00,0x00,0x00,0x00,0x00,0x00,0x00,0x00,0x00,0x00,0x00,0x00,0x00,0x00,0x00,0x00,0x00,0x00,0x00,0x00,0x00,0x00,0x00,0x00,0x80C479,0x80C4BA,0x80C4FB,0x00
"78 ",0x00,0x00,0x78,0x00,0x67,0x01,0x01,0x00,0x0A,0x00,0x00,0x00,0x00,0x00,0x19,0x05,0x3C,0x14,0x14,0x14,0x14,0x14,0x14,0x01,0x0A,0x00,0x00,0x00,0x00,0x0A,0x00,0x00,0x00,0x00,0x00,0x00,0x00,0x00,0x00,0x00,0x00,0x00,0x00,0x00,0x00,0x00,0x00,0x00,0x00,0x00,0x80BA51,0x80BEA2,0x80C2B2,0x80C479,0x80C4BA,0x80C4FB,0x00
"79 ",0x00,0x00,0x79,0x00,0x68,0x01,0x01,0x00,0x0F,0x00,0x03,0x03,0x03,0x00,0x19,0x00,0x3C,0x14,0x14,0x14,0x14,0x14,0x19,0x01,0x0A,0x00,0x00,0x00,0x00,0x0A,0x00,0x00,0x00,0x00,0x00,0x00,0x00,0x00,0x02,0x10,0x00,0x00,0x00,0x00,0x00,0x00,0x00,0x00,0x00,0x00,0x80BA51,0x80BEA2,0x80C2B2,0x80C479,0x80C4BA,0x80C4FB,0x00
7A Pontifex,0x0306,0x0352,0x7A,0x00,0x69,0x01,0x01,0x00,0x0A,0x00,0x00,0x00,0x00,0x00,0x08,0x05,0x3C,0x14,0x14,0x14,0x14,0x14,0x14,0x01,0x0A,0x00,0x00,0x00,0x00,0x0A,0x00,0x00,0x00,0x00,0x00,0x00,0x00,0x00,0x00,0x00,0x00,0x00,0x00,0x00,0x00,0x00,0x00,0x00,0x00,0x00,0x80BA51,0x80BEA2,0x80C2B2,0x80C479,0x80C4BA,0x80C4FB,0x00
"7B ",0x00,0x00,0x7B,0x00,0x6A,0x01,0x01,0x00,0x0A,0x00,0x00,0x00,0x00,0x00,0x19,0x05,0x3C,0x14,0x14,0x14,0x14,0x14,0x14,0x01,0x0A,0x00,0x00,0x00,0x00,0x0A,0x00,0x00,0x00,0x00,0x00,0x00,0x00,0x00,0x00,0x00,0x00,0x00,0x00,0x00,0x00,0x00,0x00,0x00,0x00,0x00,0x80BA51,0x80BEA2,0x80C2B2,0x80C479,0x80C4BA,0x80C4FB,0x00
7C Cyclops,0x02F8,0x0344,0x7C,0x09,0x4B,0x00,0x9F,0x00,0x28,0x08,0x05,0x06,0x0D,0x00,0x10,0x05,0x50,0x1D,0x1D,0x1C,0x1E,0x19,0x19,0x03,0x5F,0x1E,0x23,0x19,0x18,0x19,0x0A,0x00,0x00,0x00,0x00,0x00,0x00,0x00,0x01,0x00,0x00,0x00,0x00,0xFB,0x00,0x00,0x00,0x00,0x00,0x8AF6A4,0x80B8CB,0x80BD1C,0x80C12C,0x80C479,0x80C4BA,0x80C4FB,0x00
7D Elder Bael,0x02F7,0x0343,0x7D,0x58,0x4A,0x00,0x9E,0x00,0x24,0x08,0x05,0x05,0x09,0x04,0x0F,0x06,0x50,0x1E,0x1C,0x1A,0x1A,0x16,0x19,0x03,0x55,0x2D,0x19,0x14,0x15,0x11,0x0A,0x00,0x00,0x00,0x00,0x00,0x00,0x00,0x01,0x04,0x00,0x00,0x00,0x00,0x00,0x00,0x00,0x00,0x00,0x8AF6BC,0x80B94D,0x80BD9E,0x80C1AE,0x80C479,0x80C4BA,0x80C4FB,0x0880C5FF
7E Journeyman,0x02D8,0x0324,0x7E,0x38,0x2D,0x00,0x74,0x27,0x14,0x05,0x03,0x04,0x02,0x01,0x08,0x05,0x3C,0x14,0x14,0x14,0x14,0x14,0x14,0x03,0x55,0x37,0x28,0x20,0x12,0x14,0x28,0x02,0x00,0x02,0x00,0x02,0x02,0x00,0x00,0x00,0x00,0x00,0x00,0x1F,0x00,0x00,0x00,0x00,0x00,0x8AF6C8,0x80B8CB,0x80BD1C,0x80C12C,0x80C479,0x80C4BA,0x80C4FB,0x00
7F Pupil,0x02D9,0x0325,0x7F,0x39,0x2E,0x00,0x7C,0x29,0x11,0x02,0x03,0x03,0x03,0x03,0x05,0x05,0x3C,0x14,0x14,0x14,0x14,0x14,0x14,0x03,0x37,0x37,0x28,0x23,0x0A,0x1E,0x28,0x02,0x01,0x01,0x00,0x02,0x02,0x00,0x00,0x00,0x00,0x00,0x00,0x00,0x00,0x00,0x1F,0x00,0x00,0x8AF6E0,0x80BA10,0x80BE61,0x80C271,0x80C479,0x80C4BA,0x80C4FB,0x00
80 Student,0x0D50,0x0317,0x80,0x1B,0x14,0x00,0x78,0x0A,0x12,0x05,0x08,0x06,0x03,0x03,0x07,0x05,0x3C,0x14,0x14,0x14,0x14,0x14,0x14,0x03,0x46,0x23,0x28,0x23,0x14,0x14,0x23,0x00,0x00,0x00,0x00,0x00,0x00,0x80,0x00,0x00,0x00,0x00,0x00,0x00,0x1F,0x00,0x00,0x00,0x00,0x8AF150,0x80B849,0x80BC9A,0x80C0AA,0x80C479,0x80C4BA,0x80C4FB,0x00
81 Noble,0x0D52,0x0309,0x81,0x03,0x6C,0x00,0x8B,0x01,0x12,0x06,0x06,0x07,0x06,0x00,0x08,0x05,0x3C,0x14,0x14,0x14,0x14,0x14,0x14,0x03,0x5A,0x2D,0x28,0x2D,0x0F,0x0F,0x28,0x00,0x00,0x00,0x00,0x00,0x00,0x00,0x20,0x00,0x20,0x01,0x00,0x00,0x00,0x00,0x00,0x01,0x00,0x01093514,0x80B808,0x80BC59,0x80C069,0x80C479,0x80C4BA,0x80C4FB,0x00
82 Bow Armor,0x0D80,0x030F,0x82,0x0B,0x6D,0x01,0x76,0x0C,0x18,0x08,0x04,0x01,0x08,0x01,0x0D,0x05,0x3C,0x14,0x14,0x14,0x14,0x14,0x14,0x03,0x50,0x28,0x1E,0x0F,0x28,0x0A,0x19,0x00,0x00,0x00,0x00,0x00,0x00,0x00,0x00,0x00,0x00,0x00,0x1F,0x00,0x00,0x00,0x00,0x00,0x00,0x010E4AB0,0x80B88A,0x80BCDB,0x80C0EB,0x80C479,0x80C4BA,0x80C4FB,0x00
83 Skimmer,0x0D87,0x0D88,0x83,0x49,0x6E,0x00,0x86,0x10,0x14,0x04,0x08,0x08,0x02,0x05,0x05,0x07,0x3C,0x14,0x14,0x14,0x14,0x14,0x19,0x03,0x41,0x23,0x28,0x32,0x0F,0x28,0x23,0x00,0x00,0x00,0x00,0x00,0x00,0x03,0x10,0x00,0x00,0x01,0x01,0x00,0x00,0x00,0x00,0x00,0x00,0x8AF4DC,0x80BB96,0x80BFE7,0x80C3F7,0x80C53C,0x80C57D,0x80C5BE,0x00
84 Upstart,0x02BF,0x0309,0x84,0x03,0x00,0x00,0x8B,0x01,0x12,0x06,0x06,0x07,0x06,0x00,0x08,0x05,0x3C,0x14,0x14,0x14,0x14,0x14,0x14,0x03,0x5A,0x2D,0x28,0x2D,0x0F,0x0F,0x28,0x00,0x00,0x00,0x00,0x00,0x00,0x00,0x20,0x00,0x20,0x01,0x00,0x00,0x00,0x00,0x00,0x01,0x00,0x00,0x80B808,0x80BC59,0x80C069,0x80C479,0x80C4BA,0x80C4FB,0x00
85 Upstart,0x02BF,0x0309,0x85,0x03,0x00,0x00,0x8B,0x01,0x12,0x06,0x06,0x07,0x06,0x00,0x08,0x05,0x3C,0x14,0x14,0x14,0x14,0x14,0x14,0x03,0x5A,0x2D,0x28,0x2D,0x0F,0x0F,0x28,0x00,0x00,0x00,0x00,0x00,0x00,0x00,0x20,0x00,0x20,0x01,0x00,0x00,0x00,0x00,0x00,0x01,0x00,0x00,0x80B808,0x80BC59,0x80C069,0x80C479,0x80C4BA,0x80C4FB,0x00
86 Upstart,0x02BF,0x0309,0x86,0x03,0x00,0x00,0x8B,0x01,0x12,0x06,0x06,0x07,0x06,0x00,0x08,0x05,0x3C,0x14,0x14,0x14,0x14,0x14,0x14,0x03,0x5A,0x2D,0x28,0x2D,0x0F,0x0F,0x28,0x00,0x00,0x00,0x00,0x00,0x00,0x00,0x20,0x00,0x20,0x01,0x00,0x00,0x00,0x00,0x00,0x01,0x00,0x00,0x80B808,0x80BC59,0x80C069,0x80C479,0x80C4BA,0x80C4FB,0x00
87 Upstart,0x02BF,0x0309,0x87,0x03,0x00,0x00,0x8B,0x01,0x12,0x06,0x06,0x07,0x06,0x00,0x08,0x05,0x3C,0x14,0x14,0x14,0x14,0x14,0x14,0x03,0x5A,0x2D,0x28,0x2D,0x0F,0x0F,0x28,0x00,0x00,0x00,0x00,0x00,0x00,0x00,0x20,0x00,0x20,0x01,0x00,0x00,0x00,0x00,0x00,0x01,0x00,0x00,0x80B808,0x80BC59,0x80C069,0x80C479,0x80C4BA,0x80C4FB,0x00
88 Upstart,0x02BF,0x0309,0x88,0x03,0x00,0x00,0x8B,0x01,0x12,0x06,0x06,0x07,0x06,0x00,0x08,0x05,0x3C,0x14,0x14,0x14,0x14,0x14,0x14,0x03,0x5A,0x2D,0x28,0x2D,0x0F,0x0F,0x28,0x00,0x00,0x00,0x00,0x00,0x00,0x00,0x20,0x00,0x20,0x01,0x00,0x00,0x00,0x00,0x00,0x01,0x00,0x00,0x80B808,0x80BC59,0x80C069,0x80C479,0x80C4BA,0x80C4FB,0x00
89 Upstart,0x02BF,0x0309,0x89,0x03,0x00,0x00,0x8B,0x01,0x12,0x06,0x06,0x07,0x06,0x00,0x08,0x05,0x3C,0x14,0x14,0x14,0x14,0x14,0x14,0x03,0x5A,0x2D,0x28,0x2D,0x0F,0x0F,0x28,0x00,0x00,0x00,0x00,0x00,0x00,0x00,0x20,0x00,0x20,0x01,0x00,0x00,0x00,0x00,0x00,0x01,0x00,0x00,0x80B808,0x80BC59,0x80C069,0x80C479,0x80C4BA,0x80C4FB,0x00
8A Upstart,0x02BF,0x0309,0x8A,0x03,0x00,0x00,0x8B,0x01,0x12,0x06,0x06,0x07,0x06,0x00,0x08,0x05,0x3C,0x14,0x14,0x14,0x14,0x14,0x14,0x03,0x5A,0x2D,0x28,0x2D,0x0F,0x0F,0x28,0x00,0x00,0x00,0x00,0x00,0x00,0x00,0x20,0x00,0x20,0x01,0x00,0x00,0x00,0x00,0x00,0x01,0x00,0x00,0x80B808,0x80BC59,0x80C069,0x80C479,0x80C4BA,0x80C4FB,0x00
8B Upstart,0x02BF,0x0309,0x8B,0x03,0x00,0x00,0x8B,0x01,0x12,0x06,0x06,0x07,0x06,0x00,0x08,0x05,0x3C,0x14,0x14,0x14,0x14,0x14,0x14,0x03,0x5A,0x2D,0x28,0x2D,0x0F,0x0F,0x28,0x00,0x00,0x00,0x00,0x00,0x00,0x00,0x20,0x00,0x20,0x01,0x00,0x00,0x00,0x00,0x00,0x01,0x00,0x00,0x80B808,0x80BC59,0x80C069,0x80C479,0x80C4BA,0x80C4FB,0x00
8C Upstart,0x02BF,0x0309,0x8C,0x03,0x00,0x00,0x8B,0x01,0x12,0x06,0x06,0x07,0x06,0x00,0x08,0x05,0x3C,0x14,0x14,0x14,0x14,0x14,0x14,0x03,0x5A,0x2D,0x28,0x2D,0x0F,0x0F,0x28,0x00,0x00,0x00,0x00,0x00,0x00,0x00,0x20,0x00,0x20,0x01,0x00,0x00,0x00,0x00,0x00,0x01,0x00,0x00,0x80B808,0x80BC59,0x80C069,0x80C479,0x80C4BA,0x80C4FB,0x00
8D Upstart,0x02BF,0x0309,0x8D,0x03,0x00,0x00,0x8B,0x01,0x12,0x06,0x06,0x07,0x06,0x00,0x08,0x05,0x3C,0x14,0x14,0x14,0x14,0x14,0x14,0x03,0x5A,0x2D,0x28,0x2D,0x0F,0x0F,0x28,0x00,0x00,0x00,0x00,0x00,0x00,0x00,0x20,0x00,0x20,0x01,0x00,0x00,0x00,0x00,0x00,0x01,0x00,0x00,0x80B808,0x80BC59,0x80C069,0x80C479,0x80C4BA,0x80C4FB,0x00
8E Upstart,0x02BF,0x0309,0x8E,0x03,0x00,0x00,0x8B,0x01,0x12,0x06,0x06,0x07,0x06,0x00,0x08,0x05,0x3C,0x14,0x14,0x14,0x14,0x14,0x14,0x03,0x5A,0x2D,0x28,0x2D,0x0F,0x0F,0x28,0x00,0x00,0x00,0x00,0x00,0x00,0x00,0x20,0x00,0x20,0x01,0x00,0x00,0x00,0x00,0x00,0x01,0x00,0x00,0x80B808,0x80BC59,0x80C069,0x80C479,0x80C4BA,0x80C4FB,0x00
8F Upstart,0x02BF,0x0309,0x8F,0x03,0x00,0x00,0x8B,0x01,0x12,0x06,0x06,0x07,0x06,0x00,0x08,0x05,0x3C,0x14,0x14,0x14,0x14,0x14,0x14,0x03,0x5A,0x2D,0x28,0x2D,0x0F,0x0F,0x28,0x00,0x00,0x00,0x00,0x00,0x00,0x00,0x20,0x00,0x20,0x01,0x00,0x00,0x00,0x00,0x00,0x01,0x00,0x00,0x80B808,0x80BC59,0x80C069,0x80C479,0x80C4BA,0x80C4FB,0x00
90 Upstart,0x02BF,0x0309,0x90,0x03,0x00,0x00,0x8B,0x01,0x12,0x06,0x06,0x07,0x06,0x00,0x08,0x05,0x3C,0x14,0x14,0x14,0x14,0x14,0x14,0x03,0x5A,0x2D,0x28,0x2D,0x0F,0x0F,0x28,0x00,0x00,0x00,0x00,0x00,0x00,0x00,0x20,0x00,0x20,0x01,0x00,0x00,0x00,0x00,0x00,0x01,0x00,0x00,0x80B808,0x80BC59,0x80C069,0x80C479,0x80C4BA,0x80C4FB,0x00
91 Upstart,0x02BF,0x0309,0x91,0x03,0x00,0x00,0x8B,0x01,0x12,0x06,0x06,0x07,0x06,0x00,0x08,0x05,0x3C,0x14,0x14,0x14,0x14,0x14,0x14,0x03,0x5A,0x2D,0x28,0x2D,0x0F,0x0F,0x28,0x00,0x00,0x00,0x00,0x00,0x00,0x00,0x20,0x00,0x20,0x01,0x00,0x00,0x00,0x00,0x00,0x01,0x00,0x00,0x80B808,0x80BC59,0x80C069,0x80C479,0x80C4BA,0x80C4FB,0x00
92 Upstart,0x02BF,0x0309,0x92,0x03,0x00,0x00,0x8B,0x01,0x12,0x06,0x06,0x07,0x06,0x00,0x08,0x05,0x3C,0x14,0x14,0x14,0x14,0x14,0x14,0x03,0x5A,0x2D,0x28,0x2D,0x0F,0x0F,0x28,0x00,0x00,0x00,0x00,0x00,0x00,0x00,0x20,0x00,0x20,0x01,0x00,0x00,0x00,0x00,0x00,0x01,0x00,0x00,0x80B808,0x80BC59,0x80C069,0x80C479,0x80C4BA,0x80C4FB,0x00
93 Upstart,0x02BF,0x0309,0x93,0x03,0x00,0x00,0x8B,0x01,0x12,0x06,0x06,0x07,0x06,0x00,0x08,0x05,0x3C,0x14,0x14,0x14,0x14,0x14,0x14,0x03,0x5A,0x2D,0x28,0x2D,0x0F,0x0F,0x28,0x00,0x00,0x00,0x00,0x00,0x00,0x00,0x20,0x00,0x20,0x01,0x00,0x00,0x00,0x00,0x00,0x01,0x00,0x00,0x80B808,0x80BC59,0x80C069,0x80C479,0x80C4BA,0x80C4FB,0x00
94 Upstart,0x02BF,0x0309,0x94,0x03,0x00,0x00,0x8B,0x01,0x12,0x06,0x06,0x07,0x06,0x00,0x08,0x05,0x3C,0x14,0x14,0x14,0x14,0x14,0x14,0x03,0x5A,0x2D,0x28,0x2D,0x0F,0x0F,0x28,0x00,0x00,0x00,0x00,0x00,0x00,0x00,0x20,0x00,0x20,0x01,0x00,0x00,0x00,0x00,0x00,0x01,0x00,0x00,0x80B808,0x80BC59,0x80C069,0x80C479,0x80C4BA,0x80C4FB,0x00
95 Upstart,0x02BF,0x0309,0x95,0x03,0x00,0x00,0x8B,0x01,0x12,0x06,0x06,0x07,0x06,0x00,0x08,0x05,0x3C,0x14,0x14,0x14,0x14,0x14,0x14,0x03,0x5A,0x2D,0x28,0x2D,0x0F,0x0F,0x28,0x00,0x00,0x00,0x00,0x00,0x00,0x00,0x20,0x00,0x20,0x01,0x00,0x00,0x00,0x00,0x00,0x01,0x00,0x00,0x80B808,0x80BC59,0x80C069,0x80C479,0x80C4BA,0x80C4FB,0x00
96 Upstart,0x02BF,0x0309,0x96,0x03,0x00,0x00,0x8B,0x01,0x12,0x06,0x06,0x07,0x06,0x00,0x08,0x05,0x3C,0x14,0x14,0x14,0x14,0x14,0x14,0x03,0x5A,0x2D,0x28,0x2D,0x0F,0x0F,0x28,0x00,0x00,0x00,0x00,0x00,0x00,0x00,0x20,0x00,0x20,0x01,0x00,0x00,0x00,0x00,0x00,0x01,0x00,0x00,0x80B808,0x80BC59,0x80C069,0x80C479,0x80C4BA,0x80C4FB,0x00
97 Upstart,0x02BF,0x0309,0x97,0x03,0x00,0x00,0x8B,0x01,0x12,0x06,0x06,0x07,0x06,0x00,0x08,0x05,0x3C,0x14,0x14,0x14,0x14,0x14,0x14,0x03,0x5A,0x2D,0x28,0x2D,0x0F,0x0F,0x28,0x00,0x00,0x00,0x00,0x00,0x00,0x00,0x20,0x00,0x20,0x01,0x00,0x00,0x00,0x00,0x00,0x01,0x00,0x00,0x80B808,0x80BC59,0x80C069,0x80C479,0x80C4BA,0x80C4FB,0x00
98 Upstart,0x02BF,0x0309,0x98,0x03,0x00,0x00,0x8B,0x01,0x12,0x06,0x06,0x07,0x06,0x00,0x08,0x05,0x3C,0x14,0x14,0x14,0x14,0x14,0x14,0x03,0x5A,0x2D,0x28,0x2D,0x0F,0x0F,0x28,0x00,0x00,0x00,0x00,0x00,0x00,0x00,0x20,0x00,0x20,0x01,0x00,0x00,0x00,0x00,0x00,0x01,0x00,0x00,0x80B808,0x80BC59,0x80C069,0x80C479,0x80C4BA,0x80C4FB,0x00
99 Upstart,0x02BF,0x0309,0x99,0x03,0x00,0x00,0x8B,0x01,0x12,0x06,0x06,0x07,0x06,0x00,0x08,0x05,0x3C,0x14,0x14,0x14,0x14,0x14,0x14,0x03,0x5A,0x2D,0x28,0x2D,0x0F,0x0F,0x28,0x00,0x00,0x00,0x00,0x00,0x00,0x00,0x20,0x00,0x20,0x01,0x00,0x00,0x00,0x00,0x00,0x01,0x00,0x00,0x80B808,0x80BC59,0x80C069,0x80C479,0x80C4BA,0x80C4FB,0x00
9A Upstart,0x02BF,0x0309,0x9A,0x03,0x00,0x00,0x8B,0x01,0x12,0x06,0x06,0x07,0x06,0x00,0x08,0x05,0x3C,0x14,0x14,0x14,0x14,0x14,0x14,0x03,0x5A,0x2D,0x28,0x2D,0x0F,0x0F,0x28,0x00,0x00,0x00,0x00,0x00,0x00,0x00,0x20,0x00,0x20,0x01,0x00,0x00,0x00,0x00,0x00,0x01,0x00,0x00,0x80B808,0x80BC59,0x80C069,0x80C479,0x80C4BA,0x80C4FB,0x00
9B Upstart,0x02BF,0x0309,0x9B,0x03,0x00,0x00,0x8B,0x01,0x12,0x06,0x06,0x07,0x06,0x00,0x08,0x05,0x3C,0x14,0x14,0x14,0x14,0x14,0x14,0x03,0x5A,0x2D,0x28,0x2D,0x0F,0x0F,0x28,0x00,0x00,0x00,0x00,0x00,0x00,0x00,0x20,0x00,0x20,0x01,0x00,0x00,0x00,0x00,0x00,0x01,0x00,0x00,0x80B808,0x80BC59,0x80C069,0x80C479,0x80C4BA,0x80C4FB,0x00
9C Upstart,0x02BF,0x0309,0x9C,0x03,0x00,0x00,0x8B,0x01,0x12,0x06,0x06,0x07,0x06,0x00,0x08,0x05,0x3C,0x14,0x14,0x14,0x14,0x14,0x14,0x03,0x5A,0x2D,0x28,0x2D,0x0F,0x0F,0x28,0x00,0x00,0x00,0x00,0x00,0x00,0x00,0x20,0x00,0x20,0x01,0x00,0x00,0x00,0x00,0x00,0x01,0x00,0x00,0x80B808,0x80BC59,0x80C069,0x80C479,0x80C4BA,0x80C4FB,0x00
9D Upstart,0x02BF,0x0309,0x9D,0x03,0x00,0x00,0x8B,0x01,0x12,0x06,0x06,0x07,0x06,0x00,0x08,0x05,0x3C,0x14,0x14,0x14,0x14,0x14,0x14,0x03,0x5A,0x2D,0x28,0x2D,0x0F,0x0F,0x28,0x00,0x00,0x00,0x00,0x00,0x00,0x00,0x20,0x00,0x20,0x01,0x00,0x00,0x00,0x00,0x00,0x01,0x00,0x00,0x80B808,0x80BC59,0x80C069,0x80C479,0x80C4BA,0x80C4FB,0x00
9E Upstart,0x02BF,0x0309,0x9E,0x03,0x00,0x00,0x8B,0x01,0x12,0x06,0x06,0x07,0x06,0x00,0x08,0x05,0x3C,0x14,0x14,0x14,0x14,0x14,0x14,0x03,0x5A,0x2D,0x28,0x2D,0x0F,0x0F,0x28,0x00,0x00,0x00,0x00,0x00,0x00,0x00,0x20,0x00,0x20,0x01,0x00,0x00,0x00,0x00,0x00,0x01,0x00,0x00,0x80B808,0x80BC59,0x80C069,0x80C479,0x80C4BA,0x80C4FB,0x00
9F Upstart,0x02BF,0x0309,0x9F,0x03,0x00,0x00,0x8B,0x01,0x12,0x06,0x06,0x07,0x06,0x00,0x08,0x05,0x3C,0x14,0x14,0x14,0x14,0x14,0x14,0x03,0x5A,0x2D,0x28,0x2D,0x0F,0x0F,0x28,0x00,0x00,0x00,0x00,0x00,0x00,0x00,0x20,0x00,0x20,0x01,0x00,0x00,0x00,0x00,0x00,0x01,0x00,0x00,0x80B808,0x80BC59,0x80C069,0x80C479,0x80C4BA,0x80C4FB,0x00
A0 Upstart,0x02BF,0x0309,0xA0,0x03,0x00,0x00,0x8B,0x01,0x12,0x06,0x06,0x07,0x06,0x00,0x08,0x05,0x3C,0x14,0x14,0x14,0x14,0x14,0x14,0x03,0x5A,0x2D,0x28,0x2D,0x0F,0x0F,0x28,0x00,0x00,0x00,0x00,0x00,0x00,0x00,0x20,0x00,0x20,0x01,0x00,0x00,0x00,0x00,0x00,0x01,0x00,0x00,0x80B808,0x80BC59,0x80C069,0x80C479,0x80C4BA,0x80C4FB,0x00
A1 Upstart,0x02BF,0x0309,0xA1,0x03,0x00,0x00,0x8B,0x01,0x12,0x06,0x06,0x07,0x06,0x00,0x08,0x05,0x3C,0x14,0x14,0x14,0x14,0x14,0x14,0x03,0x5A,0x2D,0x28,0x2D,0x0F,0x0F,0x28,0x00,0x00,0x00,0x00,0x00,0x00,0x00,0x20,0x00,0x20,0x01,0x00,0x00,0x00,0x00,0x00,0x01,0x00,0x00,0x80B808,0x80BC59,0x80C069,0x80C479,0x80C4BA,0x80C4FB,0x00
A2 Upstart,0x02BF,0x0309,0xA2,0x03,0x00,0x00,0x8B,0x01,0x12,0x06,0x06,0x07,0x06,0x00,0x08,0x05,0x3C,0x14,0x14,0x14,0x14,0x14,0x14,0x03,0x5A,0x2D,0x28,0x2D,0x0F,0x0F,0x28,0x00,0x00,0x00,0x00,0x00,0x00,0x00,0x20,0x00,0x20,0x01,0x00,0x00,0x00,0x00,0x00,0x01,0x00,0x00,0x80B808,0x80BC59,0x80C069,0x80C479,0x80C4BA,0x80C4FB,0x00
A3 Upstart,0x02BF,0x0309,0xA3,0x03,0x00,0x00,0x8B,0x01,0x12,0x06,0x06,0x07,0x06,0x00,0x08,0x05,0x3C,0x14,0x14,0x14,0x14,0x14,0x14,0x03,0x5A,0x2D,0x28,0x2D,0x0F,0x0F,0x28,0x00,0x00,0x00,0x00,0x00,0x00,0x00,0x20,0x00,0x20,0x01,0x00,0x00,0x00,0x00,0x00,0x01,0x00,0x00,0x80B808,0x80BC59,0x80C069,0x80C479,0x80C4BA,0x80C4FB,0x00
A4 Upstart,0x02BF,0x0309,0xA4,0x03,0x00,0x00,0x8B,0x01,0x12,0x06,0x06,0x07,0x06,0x00,0x08,0x05,0x3C,0x14,0x14,0x14,0x14,0x14,0x14,0x03,0x5A,0x2D,0x28,0x2D,0x0F,0x0F,0x28,0x00,0x00,0x00,0x00,0x00,0x00,0x00,0x20,0x00,0x20,0x01,0x00,0x00,0x00,0x00,0x00,0x01,0x00,0x00,0x80B808,0x80BC59,0x80C069,0x80C479,0x80C4BA,0x80C4FB,0x00
A5 Upstart,0x02BF,0x0309,0xA5,0x03,0x00,0x00,0x8B,0x01,0x12,0x06,0x06,0x07,0x06,0x00,0x08,0x05,0x3C,0x14,0x14,0x14,0x14,0x14,0x14,0x03,0x5A,0x2D,0x28,0x2D,0x0F,0x0F,0x28,0x00,0x00,0x00,0x00,0x00,0x00,0x00,0x20,0x00,0x20,0x01,0x00,0x00,0x00,0x00,0x00,0x01,0x00,0x00,0x80B808,0x80BC59,0x80C069,0x80C479,0x80C4BA,0x80C4FB,0x00
A6 Upstart,0x02BF,0x0309,0xA6,0x03,0x00,0x00,0x8B,0x01,0x12,0x06,0x06,0x07,0x06,0x00,0x08,0x05,0x3C,0x14,0x14,0x14,0x14,0x14,0x14,0x03,0x5A,0x2D,0x28,0x2D,0x0F,0x0F,0x28,0x00,0x00,0x00,0x00,0x00,0x00,0x00,0x20,0x00,0x20,0x01,0x00,0x00,0x00,0x00,0x00,0x01,0x00,0x00,0x80B808,0x80BC59,0x80C069,0x80C479,0x80C4BA,0x80C4FB,0x00
A7 Upstart,0x02BF,0x0309,0xA7,0x03,0x00,0x00,0x8B,0x01,0x12,0x06,0x06,0x07,0x06,0x00,0x08,0x05,0x3C,0x14,0x14,0x14,0x14,0x14,0x14,0x03,0x5A,0x2D,0x28,0x2D,0x0F,0x0F,0x28,0x00,0x00,0x00,0x00,0x00,0x00,0x00,0x20,0x00,0x20,0x01,0x00,0x00,0x00,0x00,0x00,0x01,0x00,0x00,0x80B808,0x80BC59,0x80C069,0x80C479,0x80C4BA,0x80C4FB,0x00
A8 Upstart,0x02BF,0x0309,0xA8,0x03,0x00,0x00,0x8B,0x01,0x12,0x06,0x06,0x07,0x06,0x00,0x08,0x05,0x3C,0x14,0x14,0x14,0x14,0x14,0x14,0x03,0x5A,0x2D,0x28,0x2D,0x0F,0x0F,0x28,0x00,0x00,0x00,0x00,0x00,0x00,0x00,0x20,0x00,0x20,0x01,0x00,0x00,0x00,0x00,0x00,0x01,0x00,0x00,0x80B808,0x80BC59,0x80C069,0x80C479,0x80C4BA,0x80C4FB,0x00
A9 Upstart,0x02BF,0x0309,0xA9,0x03,0x00,0x00,0x8B,0x01,0x12,0x06,0x06,0x07,0x06,0x00,0x08,0x05,0x3C,0x14,0x14,0x14,0x14,0x14,0x14,0x03,0x5A,0x2D,0x28,0x2D,0x0F,0x0F,0x28,0x00,0x00,0x00,0x00,0x00,0x00,0x00,0x20,0x00,0x20,0x01,0x00,0x00,0x00,0x00,0x00,0x01,0x00,0x00,0x80B808,0x80BC59,0x80C069,0x80C479,0x80C4BA,0x80C4FB,0x00
AA Upstart,0x02BF,0x0309,0xAA,0x03,0x00,0x00,0x8B,0x01,0x12,0x06,0x06,0x07,0x06,0x00,0x08,0x05,0x3C,0x14,0x14,0x14,0x14,0x14,0x14,0x03,0x5A,0x2D,0x28,0x2D,0x0F,0x0F,0x28,0x00,0x00,0x00,0x00,0x00,0x00,0x00,0x20,0x00,0x20,0x01,0x00,0x00,0x00,0x00,0x00,0x01,0x00,0x00,0x80B808,0x80BC59,0x80C069,0x80C479,0x80C4BA,0x80C4FB,0x00
AB Upstart,0x02BF,0x0309,0xAB,0x03,0x00,0x00,0x8B,0x01,0x12,0x06,0x06,0x07,0x06,0x00,0x08,0x05,0x3C,0x14,0x14,0x14,0x14,0x14,0x14,0x03,0x5A,0x2D,0x28,0x2D,0x0F,0x0F,0x28,0x00,0x00,0x00,0x00,0x00,0x00,0x00,0x20,0x00,0x20,0x01,0x00,0x00,0x00,0x00,0x00,0x01,0x00,0x00,0x80B808,0x80BC59,0x80C069,0x80C479,0x80C4BA,0x80C4FB,0x00
AC Upstart,0x02BF,0x0309,0xAC,0x03,0x00,0x00,0x8B,0x01,0x12,0x06,0x06,0x07,0x06,0x00,0x08,0x05,0x3C,0x14,0x14,0x14,0x14,0x14,0x14,0x03,0x5A,0x2D,0x28,0x2D,0x0F,0x0F,0x28,0x00,0x00,0x00,0x00,0x00,0x00,0x00,0x20,0x00,0x20,0x01,0x00,0x00,0x00,0x00,0x00,0x01,0x00,0x00,0x80B808,0x80BC59,0x80C069,0x80C479,0x80C4BA,0x80C4FB,0x00
AD Upstart,0x02BF,0x0309,0xAD,0x03,0x00,0x00,0x8B,0x01,0x12,0x06,0x06,0x07,0x06,0x00,0x08,0x05,0x3C,0x14,0x14,0x14,0x14,0x14,0x14,0x03,0x5A,0x2D,0x28,0x2D,0x0F,0x0F,0x28,0x00,0x00,0x00,0x00,0x00,0x00,0x00,0x20,0x00,0x20,0x01,0x00,0x00,0x00,0x00,0x00,0x01,0x00,0x00,0x80B808,0x80BC59,0x80C069,0x80C479,0x80C4BA,0x80C4FB,0x00
AE Upstart,0x02BF,0x0309,0xAE,0x03,0x00,0x00,0x8B,0x01,0x12,0x06,0x06,0x07,0x06,0x00,0x08,0x05,0x3C,0x14,0x14,0x14,0x14,0x14,0x14,0x03,0x5A,0x2D,0x28,0x2D,0x0F,0x0F,0x28,0x00,0x00,0x00,0x00,0x00,0x00,0x00,0x20,0x00,0x20,0x01,0x00,0x00,0x00,0x00,0x00,0x01,0x00,0x00,0x80B808,0x80BC59,0x80C069,0x80C479,0x80C4BA,0x80C4FB,0x00
AF Upstart,0x02BF,0x0309,0xAF,0x03,0x00,0x00,0x8B,0x01,0x12,0x06,0x06,0x07,0x06,0x00,0x08,0x05,0x3C,0x14,0x14,0x14,0x14,0x14,0x14,0x03,0x5A,0x2D,0x28,0x2D,0x0F,0x0F,0x28,0x00,0x00,0x00,0x00,0x00,0x00,0x00,0x20,0x00,0x20,0x01,0x00,0x00,0x00,0x00,0x00,0x01,0x00,0x00,0x80B808,0x80BC59,0x80C069,0x80C479,0x80C4BA,0x80C4FB,0x00
B0 Upstart,0x02BF,0x0309,0xB0,0x03,0x00,0x00,0x8B,0x01,0x12,0x06,0x06,0x07,0x06,0x00,0x08,0x05,0x3C,0x14,0x14,0x14,0x14,0x14,0x14,0x03,0x5A,0x2D,0x28,0x2D,0x0F,0x0F,0x28,0x00,0x00,0x00,0x00,0x00,0x00,0x00,0x20,0x00,0x20,0x01,0x00,0x00,0x00,0x00,0x00,0x01,0x00,0x00,0x80B808,0x80BC59,0x80C069,0x80C479,0x80C4BA,0x80C4FB,0x00
B1 Upstart,0x02BF,0x0309,0xB1,0x03,0x00,0x00,0x8B,0x01,0x12,0x06,0x06,0x07,0x06,0x00,0x08,0x05,0x3C,0x14,0x14,0x14,0x14,0x14,0x14,0x03,0x5A,0x2D,0x28,0x2D,0x0F,0x0F,0x28,0x00,0x00,0x00,0x00,0x00,0x00,0x00,0x20,0x00,0x20,0x01,0x00,0x00,0x00,0x00,0x00,0x01,0x00,0x00,0x80B808,0x80BC59,0x80C069,0x80C479,0x80C4BA,0x80C4FB,0x00
B2 Upstart,0x02BF,0x0309,0xB2,0x03,0x00,0x00,0x8B,0x01,0x12,0x06,0x06,0x07,0x06,0x00,0x08,0x05,0x3C,0x14,0x14,0x14,0x14,0x14,0x14,0x03,0x5A,0x2D,0x28,0x2D,0x0F,0x0F,0x28,0x00,0x00,0x00,0x00,0x00,0x00,0x00,0x20,0x00,0x20,0x01,0x00,0x00,0x00,0x00,0x00,0x01,0x00,0x00,0x80B808,0x80BC59,0x80C069,0x80C479,0x80C4BA,0x80C4FB,0x00
B3 Upstart,0x02BF,0x0309,0xB3,0x03,0x00,0x00,0x8B,0x01,0x12,0x06,0x06,0x07,0x06,0x00,0x08,0x05,0x3C,0x14,0x14,0x14,0x14,0x14,0x14,0x03,0x5A,0x2D,0x28,0x2D,0x0F,0x0F,0x28,0x00,0x00,0x00,0x00,0x00,0x00,0x00,0x20,0x00,0x20,0x01,0x00,0x00,0x00,0x00,0x00,0x01,0x00,0x00,0x80B808,0x80BC59,0x80C069,0x80C479,0x80C4BA,0x80C4FB,0x00
B4 Upstart,0x02BF,0x0309,0xB4,0x03,0x00,0x00,0x8B,0x01,0x12,0x06,0x06,0x07,0x06,0x00,0x08,0x05,0x3C,0x14,0x14,0x14,0x14,0x14,0x14,0x03,0x5A,0x2D,0x28,0x2D,0x0F,0x0F,0x28,0x00,0x00,0x00,0x00,0x00,0x00,0x00,0x20,0x00,0x20,0x01,0x00,0x00,0x00,0x00,0x00,0x01,0x00,0x00,0x80B808,0x80BC59,0x80C069,0x80C479,0x80C4BA,0x80C4FB,0x00
B5 Upstart,0x02BF,0x0309,0xB5,0x03,0x00,0x00,0x8B,0x01,0x12,0x06,0x06,0x07,0x06,0x00,0x08,0x05,0x3C,0x14,0x14,0x14,0x14,0x14,0x14,0x03,0x5A,0x2D,0x28,0x2D,0x0F,0x0F,0x28,0x00,0x00,0x00,0x00,0x00,0x00,0x00,0x20,0x00,0x20,0x01,0x00,0x00,0x00,0x00,0x00,0x01,0x00,0x00,0x80B808,0x80BC59,0x80C069,0x80C479,0x80C4BA,0x80C4FB,0x00
B6 Upstart,0x02BF,0x0309,0xB6,0x03,0x00,0x00,0x8B,0x01,0x12,0x06,0x06,0x07,0x06,0x00,0x08,0x05,0x3C,0x14,0x14,0x14,0x14,0x14,0x14,0x03,0x5A,0x2D,0x28,0x2D,0x0F,0x0F,0x28,0x00,0x00,0x00,0x00,0x00,0x00,0x00,0x20,0x00,0x20,0x01,0x00,0x00,0x00,0x00,0x00,0x01,0x00,0x00,0x80B808,0x80BC59,0x80C069,0x80C479,0x80C4BA,0x80C4FB,0x00
B7 Upstart,0x02BF,0x0309,0xB7,0x03,0x00,0x00,0x8B,0x01,0x12,0x06,0x06,0x07,0x06,0x00,0x08,0x05,0x3C,0x14,0x14,0x14,0x14,0x14,0x14,0x03,0x5A,0x2D,0x28,0x2D,0x0F,0x0F,0x28,0x00,0x00,0x00,0x00,0x00,0x00,0x00,0x20,0x00,0x20,0x01,0x00,0x00,0x00,0x00,0x00,0x01,0x00,0x00,0x80B808,0x80BC59,0x80C069,0x80C479,0x80C4BA,0x80C4FB,0x00
B8 Upstart,0x02BF,0x0309,0xB8,0x03,0x00,0x00,0x8B,0x01,0x12,0x06,0x06,0x07,0x06,0x00,0x08,0x05,0x3C,0x14,0x14,0x14,0x14,0x14,0x14,0x03,0x5A,0x2D,0x28,0x2D,0x0F,0x0F,0x28,0x00,0x00,0x00,0x00,0x00,0x00,0x00,0x20,0x00,0x20,0x01,0x00,0x00,0x00,0x00,0x00,0x01,0x00,0x00,0x80B808,0x80BC59,0x80C069,0x80C479,0x80C4BA,0x80C4FB,0x00
B9 Upstart,0x02BF,0x0309,0xB9,0x03,0x00,0x00,0x8B,0x01,0x12,0x06,0x06,0x07,0x06,0x00,0x08,0x05,0x3C,0x14,0x14,0x14,0x14,0x14,0x14,0x03,0x5A,0x2D,0x28,0x2D,0x0F,0x0F,0x28,0x00,0x00,0x00,0x00,0x00,0x00,0x00,0x20,0x00,0x20,0x01,0x00,0x00,0x00,0x00,0x00,0x01,0x00,0x00,0x80B808,0x80BC59,0x80C069,0x80C479,0x80C4BA,0x80C4FB,0x00
BA Upstart,0x02BF,0x0309,0xBA,0x03,0x00,0x00,0x8B,0x01,0x12,0x06,0x06,0x07,0x06,0x00,0x08,0x05,0x3C,0x14,0x14,0x14,0x14,0x14,0x14,0x03,0x5A,0x2D,0x28,0x2D,0x0F,0x0F,0x28,0x00,0x00,0x00,0x00,0x00,0x00,0x00,0x20,0x00,0x20,0x01,0x00,0x00,0x00,0x00,0x00,0x01,0x00,0x00,0x80B808,0x80BC59,0x80C069,0x80C479,0x80C4BA,0x80C4FB,0x00
BB Upstart,0x02BF,0x0309,0xBB,0x03,0x00,0x00,0x8B,0x01,0x12,0x06,0x06,0x07,0x06,0x00,0x08,0x05,0x3C,0x14,0x14,0x14,0x14,0x14,0x14,0x03,0x5A,0x2D,0x28,0x2D,0x0F,0x0F,0x28,0x00,0x00,0x00,0x00,0x00,0x00,0x00,0x20,0x00,0x20,0x01,0x00,0x00,0x00,0x00,0x00,0x01,0x00,0x00,0x80B808,0x80BC59,0x80C069,0x80C479,0x80C4BA,0x80C4FB,0x00
BC Upstart,0x02BF,0x0309,0xBC,0x03,0x00,0x00,0x8B,0x01,0x12,0x06,0x06,0x07,0x06,0x00,0x08,0x05,0x3C,0x14,0x14,0x14,0x14,0x14,0x14,0x03,0x5A,0x2D,0x28,0x2D,0x0F,0x0F,0x28,0x00,0x00,0x00,0x00,0x00,0x00,0x00,0x20,0x00,0x20,0x01,0x00,0x00,0x00,0x00,0x00,0x01,0x00,0x00,0x80B808,0x80BC59,0x80C069,0x80C479,0x80C4BA,0x80C4FB,0x00
BD Upstart,0x02BF,0x0309,0xBD,0x03,0x00,0x00,0x8B,0x01,0x12,0x06,0x06,0x07,0x06,0x00,0x08,0x05,0x3C,0x14,0x14,0x14,0x14,0x14,0x14,0x03,0x5A,0x2D,0x28,0x2D,0x0F,0x0F,0x28,0x00,0x00,0x00,0x00,0x00,0x00,0x00,0x20,0x00,0x20,0x01,0x00,0x00,0x00,0x00,0x00,0x01,0x00,0x00,0x80B808,0x80BC59,0x80C069,0x80C479,0x80C4BA,0x80C4FB,0x00
BE Upstart,0x02BF,0x0309,0xBE,0x03,0x00,0x00,0x8B,0x01,0x12,0x06,0x06,0x07,0x06,0x00,0x08,0x05,0x3C,0x14,0x14,0x14,0x14,0x14,0x14,0x03,0x5A,0x2D,0x28,0x2D,0x0F,0x0F,0x28,0x00,0x00,0x00,0x00,0x00,0x00,0x00,0x20,0x00,0x20,0x01,0x00,0x00,0x00,0x00,0x00,0x01,0x00,0x00,0x80B808,0x80BC59,0x80C069,0x80C479,0x80C4BA,0x80C4FB,0x00
BF Upstart,0x02BF,0x0309,0xBF,0x03,0x00,0x00,0x8B,0x01,0x12,0x06,0x06,0x07,0x06,0x00,0x08,0x05,0x3C,0x14,0x14,0x14,0x14,0x14,0x14,0x03,0x5A,0x2D,0x28,0x2D,0x0F,0x0F,0x28,0x00,0x00,0x00,0x00,0x00,0x00,0x00,0x20,0x00,0x20,0x01,0x00,0x00,0x00,0x00,0x00,0x01,0x00,0x00,0x80B808,0x80BC59,0x80C069,0x80C479,0x80C4BA,0x80C4FB,0x00
C0 Upstart,0x02BF,0x0309,0xC0,0x03,0x00,0x00,0x8B,0x01,0x12,0x06,0x06,0x07,0x06,0x00,0x08,0x05,0x3C,0x14,0x14,0x14,0x14,0x14,0x14,0x03,0x5A,0x2D,0x28,0x2D,0x0F,0x0F,0x28,0x00,0x00,0x00,0x00,0x00,0x00,0x00,0x20,0x00,0x20,0x01,0x00,0x00,0x00,0x00,0x00,0x01,0x00,0x00,0x80B808,0x80BC59,0x80C069,0x80C479,0x80C4BA,0x80C4FB,0x00
C1 Upstart,0x02BF,0x0309,0xC1,0x03,0x00,0x00,0x8B,0x01,0x12,0x06,0x06,0x07,0x06,0x00,0x08,0x05,0x3C,0x14,0x14,0x14,0x14,0x14,0x14,0x03,0x5A,0x2D,0x28,0x2D,0x0F,0x0F,0x28,0x00,0x00,0x00,0x00,0x00,0x00,0x00,0x20,0x00,0x20,0x01,0x00,0x00,0x00,0x00,0x00,0x01,0x00,0x00,0x80B808,0x80BC59,0x80C069,0x80C479,0x80C4BA,0x80C4FB,0x00
C2 Upstart,0x02BF,0x0309,0xC2,0x03,0x00,0x00,0x8B,0x01,0x12,0x06,0x06,0x07,0x06,0x00,0x08,0x05,0x3C,0x14,0x14,0x14,0x14,0x14,0x14,0x03,0x5A,0x2D,0x28,0x2D,0x0F,0x0F,0x28,0x00,0x00,0x00,0x00,0x00,0x00,0x00,0x20,0x00,0x20,0x01,0x00,0x00,0x00,0x00,0x00,0x01,0x00,0x00,0x80B808,0x80BC59,0x80C069,0x80C479,0x80C4BA,0x80C4FB,0x00
C3 Upstart,0x02BF,0x0309,0xC3,0x03,0x00,0x00,0x8B,0x01,0x12,0x06,0x06,0x07,0x06,0x00,0x08,0x05,0x3C,0x14,0x14,0x14,0x14,0x14,0x14,0x03,0x5A,0x2D,0x28,0x2D,0x0F,0x0F,0x28,0x00,0x00,0x00,0x00,0x00,0x00,0x00,0x20,0x00,0x20,0x01,0x00,0x00,0x00,0x00,0x00,0x01,0x00,0x00,0x80B808,0x80BC59,0x80C069,0x80C479,0x80C4BA,0x80C4FB,0x00
C4 Upstart,0x02BF,0x0309,0xC4,0x03,0x00,0x00,0x8B,0x01,0x12,0x06,0x06,0x07,0x06,0x00,0x08,0x05,0x3C,0x14,0x14,0x14,0x14,0x14,0x14,0x03,0x5A,0x2D,0x28,0x2D,0x0F,0x0F,0x28,0x00,0x00,0x00,0x00,0x00,0x00,0x00,0x20,0x00,0x20,0x01,0x00,0x00,0x00,0x00,0x00,0x01,0x00,0x00,0x80B808,0x80BC59,0x80C069,0x80C479,0x80C4BA,0x80C4FB,0x00
C5 Upstart,0x02BF,0x0309,0xC5,0x03,0x00,0x00,0x8B,0x01,0x12,0x06,0x06,0x07,0x06,0x00,0x08,0x05,0x3C,0x14,0x14,0x14,0x14,0x14,0x14,0x03,0x5A,0x2D,0x28,0x2D,0x0F,0x0F,0x28,0x00,0x00,0x00,0x00,0x00,0x00,0x00,0x20,0x00,0x20,0x01,0x00,0x00,0x00,0x00,0x00,0x01,0x00,0x00,0x80B808,0x80BC59,0x80C069,0x80C479,0x80C4BA,0x80C4FB,0x00
C6 Upstart,0x02BF,0x0309,0xC6,0x03,0x00,0x00,0x8B,0x01,0x12,0x06,0x06,0x07,0x06,0x00,0x08,0x05,0x3C,0x14,0x14,0x14,0x14,0x14,0x14,0x03,0x5A,0x2D,0x28,0x2D,0x0F,0x0F,0x28,0x00,0x00,0x00,0x00,0x00,0x00,0x00,0x20,0x00,0x20,0x01,0x00,0x00,0x00,0x00,0x00,0x01,0x00,0x00,0x80B808,0x80BC59,0x80C069,0x80C479,0x80C4BA,0x80C4FB,0x00
C7 Upstart,0x02BF,0x0309,0xC7,0x03,0x00,0x00,0x8B,0x01,0x12,0x06,0x06,0x07,0x06,0x00,0x08,0x05,0x3C,0x14,0x14,0x14,0x14,0x14,0x14,0x03,0x5A,0x2D,0x28,0x2D,0x0F,0x0F,0x28,0x00,0x00,0x00,0x00,0x00,0x00,0x00,0x20,0x00,0x20,0x01,0x00,0x00,0x00,0x00,0x00,0x01,0x00,0x00,0x80B808,0x80BC59,0x80C069,0x80C479,0x80C4BA,0x80C4FB,0x00
C8 Upstart,0x02BF,0x0309,0xC8,0x03,0x00,0x00,0x8B,0x01,0x12,0x06,0x06,0x07,0x06,0x00,0x08,0x05,0x3C,0x14,0x14,0x14,0x14,0x14,0x14,0x03,0x5A,0x2D,0x28,0x2D,0x0F,0x0F,0x28,0x00,0x00,0x00,0x00,0x00,0x00,0x00,0x20,0x00,0x20,0x01,0x00,0x00,0x00,0x00,0x00,0x01,0x00,0x00,0x80B808,0x80BC59,0x80C069,0x80C479,0x80C4BA,0x80C4FB,0x00
C9 Upstart,0x02BF,0x0309,0xC9,0x03,0x00,0x00,0x8B,0x01,0x12,0x06,0x06,0x07,0x06,0x00,0x08,0x05,0x3C,0x14,0x14,0x14,0x14,0x14,0x14,0x03,0x5A,0x2D,0x28,0x2D,0x0F,0x0F,0x28,0x00,0x00,0x00,0x00,0x00,0x00,0x00,0x20,0x00,0x20,0x01,0x00,0x00,0x00,0x00,0x00,0x01,0x00,0x00,0x80B808,0x80BC59,0x80C069,0x80C479,0x80C4BA,0x80C4FB,0x00
CA Upstart,0x02BF,0x0309,0xCA,0x03,0x00,0x00,0x8B,0x01,0x12,0x06,0x06,0x07,0x06,0x00,0x08,0x05,0x3C,0x14,0x14,0x14,0x14,0x14,0x14,0x03,0x5A,0x2D,0x28,0x2D,0x0F,0x0F,0x28,0x00,0x00,0x00,0x00,0x00,0x00,0x00,0x20,0x00,0x20,0x01,0x00,0x00,0x00,0x00,0x00,0x01,0x00,0x00,0x80B808,0x80BC59,0x80C069,0x80C479,0x80C4BA,0x80C4FB,0x00
CB Upstart,0x02BF,0x0309,0xCB,0x03,0x00,0x00,0x8B,0x01,0x12,0x06,0x06,0x07,0x06,0x00,0x08,0x05,0x3C,0x14,0x14,0x14,0x14,0x14,0x14,0x03,0x5A,0x2D,0x28,0x2D,0x0F,0x0F,0x28,0x00,0x00,0x00,0x00,0x00,0x00,0x00,0x20,0x00,0x20,0x01,0x00,0x00,0x00,0x00,0x00,0x01,0x00,0x00,0x80B808,0x80BC59,0x80C069,0x80C479,0x80C4BA,0x80C4FB,0x00
CC Upstart,0x02BF,0x0309,0xCC,0x03,0x00,0x00,0x8B,0x01,0x12,0x06,0x06,0x07,0x06,0x00,0x08,0x05,0x3C,0x14,0x14,0x14,0x14,0x14,0x14,0x03,0x5A,0x2D,0x28,0x2D,0x0F,0x0F,0x28,0x00,0x00,0x00,0x00,0x00,0x00,0x00,0x20,0x00,0x20,0x01,0x00,0x00,0x00,0x00,0x00,0x01,0x00,0x00,0x80B808,0x80BC59,0x80C069,0x80C479,0x80C4BA,0x80C4FB,0x00
CD Upstart,0x02BF,0x0309,0xCD,0x03,0x00,0x00,0x8B,0x01,0x12,0x06,0x06,0x07,0x06,0x00,0x08,0x05,0x3C,0x14,0x14,0x14,0x14,0x14,0x14,0x03,0x5A,0x2D,0x28,0x2D,0x0F,0x0F,0x28,0x00,0x00,0x00,0x00,0x00,0x00,0x00,0x20,0x00,0x20,0x01,0x00,0x00,0x00,0x00,0x00,0x01,0x00,0x00,0x80B808,0x80BC59,0x80C069,0x80C479,0x80C4BA,0x80C4FB,0x00
CE Upstart,0x02BF,0x0309,0xCE,0x03,0x00,0x00,0x8B,0x01,0x12,0x06,0x06,0x07,0x06,0x00,0x08,0x05,0x3C,0x14,0x14,0x14,0x14,0x14,0x14,0x03,0x5A,0x2D,0x28,0x2D,0x0F,0x0F,0x28,0x00,0x00,0x00,0x00,0x00,0x00,0x00,0x20,0x00,0x20,0x01,0x00,0x00,0x00,0x00,0x00,0x01,0x00,0x00,0x80B808,0x80BC59,0x80C069,0x80C479,0x80C4BA,0x80C4FB,0x00
CF Upstart,0x02BF,0x0309,0xCF,0x03,0x00,0x00,0x8B,0x01,0x12,0x06,0x06,0x07,0x06,0x00,0x08,0x05,0x3C,0x14,0x14,0x14,0x14,0x14,0x14,0x03,0x5A,0x2D,0x28,0x2D,0x0F,0x0F,0x28,0x00,0x00,0x00,0x00,0x00,0x00,0x00,0x20,0x00,0x20,0x01,0x00,0x00,0x00,0x00,0x00,0x01,0x00,0x00,0x80B808,0x80BC59,0x80C069,0x80C479,0x80C4BA,0x80C4FB,0x00
D0 Upstart,0x02BF,0x0309,0xD0,0x03,0x00,0x00,0x8B,0x01,0x12,0x06,0x06,0x07,0x06,0x00,0x08,0x05,0x3C,0x14,0x14,0x14,0x14,0x14,0x14,0x03,0x5A,0x2D,0x28,0x2D,0x0F,0x0F,0x28,0x00,0x00,0x00,0x00,0x00,0x00,0x00,0x20,0x00,0x20,0x01,0x00,0x00,0x00,0x00,0x00,0x01,0x00,0x00,0x80B808,0x80BC59,0x80C069,0x80C479,0x80C4BA,0x80C4FB,0x00
D1 Upstart,0x02BF,0x0309,0xD1,0x03,0x00,0x00,0x8B,0x01,0x12,0x06,0x06,0x07,0x06,0x00,0x08,0x05,0x3C,0x14,0x14,0x14,0x14,0x14,0x14,0x03,0x5A,0x2D,0x28,0x2D,0x0F,0x0F,0x28,0x00,0x00,0x00,0x00,0x00,0x00,0x00,0x20,0x00,0x20,0x01,0x00,0x00,0x00,0x00,0x00,0x01,0x00,0x00,0x80B808,0x80BC59,0x80C069,0x80C479,0x80C4BA,0x80C4FB,0x00
D2 Upstart,0x02BF,0x0309,0xD2,0x03,0x00,0x00,0x8B,0x01,0x12,0x06,0x06,0x07,0x06,0x00,0x08,0x05,0x3C,0x14,0x14,0x14,0x14,0x14,0x14,0x03,0x5A,0x2D,0x28,0x2D,0x0F,0x0F,0x28,0x00,0x00,0x00,0x00,0x00,0x00,0x00,0x20,0x00,0x20,0x01,0x00,0x00,0x00,0x00,0x00,0x01,0x00,0x00,0x80B808,0x80BC59,0x80C069,0x80C479,0x80C4BA,0x80C4FB,0x00
D3 Upstart,0x02BF,0x0309,0xD3,0x03,0x00,0x00,0x8B,0x01,0x12,0x06,0x06,0x07,0x06,0x00,0x08,0x05,0x3C,0x14,0x14,0x14,0x14,0x14,0x14,0x03,0x5A,0x2D,0x28,0x2D,0x0F,0x0F,0x28,0x00,0x00,0x00,0x00,0x00,0x00,0x00,0x20,0x00,0x20,0x01,0x00,0x00,0x00,0x00,0x00,0x01,0x00,0x00,0x80B808,0x80BC59,0x80C069,0x80C479,0x80C4BA,0x80C4FB,0x00
D4 Upstart,0x02BF,0x0309,0xD4,0x03,0x00,0x00,0x8B,0x01,0x12,0x06,0x06,0x07,0x06,0x00,0x08,0x05,0x3C,0x14,0x14,0x14,0x14,0x14,0x14,0x03,0x5A,0x2D,0x28,0x2D,0x0F,0x0F,0x28,0x00,0x00,0x00,0x00,0x00,0x00,0x00,0x20,0x00,0x20,0x01,0x00,0x00,0x00,0x00,0x00,0x01,0x00,0x00,0x80B808,0x80BC59,0x80C069,0x80C479,0x80C4BA,0x80C4FB,0x00
D5 Upstart,0x02BF,0x0309,0xD5,0x03,0x00,0x00,0x8B,0x01,0x12,0x06,0x06,0x07,0x06,0x00,0x08,0x05,0x3C,0x14,0x14,0x14,0x14,0x14,0x14,0x03,0x5A,0x2D,0x28,0x2D,0x0F,0x0F,0x28,0x00,0x00,0x00,0x00,0x00,0x00,0x00,0x20,0x00,0x20,0x01,0x00,0x00,0x00,0x00,0x00,0x01,0x00,0x00,0x80B808,0x80BC59,0x80C069,0x80C479,0x80C4BA,0x80C4FB,0x00
D6 Upstart,0x02BF,0x0309,0xD6,0x03,0x00,0x00,0x8B,0x01,0x12,0x06,0x06,0x07,0x06,0x00,0x08,0x05,0x3C,0x14,0x14,0x14,0x14,0x14,0x14,0x03,0x5A,0x2D,0x28,0x2D,0x0F,0x0F,0x28,0x00,0x00,0x00,0x00,0x00,0x00,0x00,0x20,0x00,0x20,0x01,0x00,0x00,0x00,0x00,0x00,0x01,0x00,0x00,0x80B808,0x80BC59,0x80C069,0x80C479,0x80C4BA,0x80C4FB,0x00
D7 Upstart,0x02BF,0x0309,0xD7,0x03,0x00,0x00,0x8B,0x01,0x12,0x06,0x06,0x07,0x06,0x00,0x08,0x05,0x3C,0x14,0x14,0x14,0x14,0x14,0x14,0x03,0x5A,0x2D,0x28,0x2D,0x0F,0x0F,0x28,0x00,0x00,0x00,0x00,0x00,0x00,0x00,0x20,0x00,0x20,0x01,0x00,0x00,0x00,0x00,0x00,0x01,0x00,0x00,0x80B808,0x80BC59,0x80C069,0x80C479,0x80C4BA,0x80C4FB,0x00
D8 Upstart,0x02BF,0x0309,0xD8,0x03,0x00,0x00,0x8B,0x01,0x12,0x06,0x06,0x07,0x06,0x00,0x08,0x05,0x3C,0x14,0x14,0x14,0x14,0x14,0x14,0x03,0x5A,0x2D,0x28,0x2D,0x0F,0x0F,0x28,0x00,0x00,0x00,0x00,0x00,0x00,0x00,0x20,0x00,0x20,0x01,0x00,0x00,0x00,0x00,0x00,0x01,0x00,0x00,0x80B808,0x80BC59,0x80C069,0x80C479,0x80C4BA,0x80C4FB,0x00
D9 Upstart,0x02BF,0x0309,0xD9,0x03,0x00,0x00,0x8B,0x01,0x12,0x06,0x06,0x07,0x06,0x00,0x08,0x05,0x3C,0x14,0x14,0x14,0x14,0x14,0x14,0x03,0x5A,0x2D,0x28,0x2D,0x0F,0x0F,0x28,0x00,0x00,0x00,0x00,0x00,0x00,0x00,0x20,0x00,0x20,0x01,0x00,0x00,0x00,0x00,0x00,0x01,0x00,0x00,0x80B808,0x80BC59,0x80C069,0x80C479,0x80C4BA,0x80C4FB,0x00
DA Upstart,0x02BF,0x0309,0xDA,0x03,0x00,0x00,0x8B,0x01,0x12,0x06,0x06,0x07,0x06,0x00,0x08,0x05,0x3C,0x14,0x14,0x14,0x14,0x14,0x14,0x03,0x5A,0x2D,0x28,0x2D,0x0F,0x0F,0x28,0x00,0x00,0x00,0x00,0x00,0x00,0x00,0x20,0x00,0x20,0x01,0x00,0x00,0x00,0x00,0x00,0x01,0x00,0x00,0x80B808,0x80BC59,0x80C069,0x80C479,0x80C4BA,0x80C4FB,0x00
DB Upstart,0x02BF,0x0309,0xDB,0x03,0x00,0x00,0x8B,0x01,0x12,0x06,0x06,0x07,0x06,0x00,0x08,0x05,0x3C,0x14,0x14,0x14,0x14,0x14,0x14,0x03,0x5A,0x2D,0x28,0x2D,0x0F,0x0F,0x28,0x00,0x00,0x00,0x00,0x00,0x00,0x00,0x20,0x00,0x20,0x01,0x00,0x00,0x00,0x00,0x00,0x01,0x00,0x00,0x80B808,0x80BC59,0x80C069,0x80C479,0x80C4BA,0x80C4FB,0x00
DC Upstart,0x02BF,0x0309,0xDC,0x03,0x00,0x00,0x8B,0x01,0x12,0x06,0x06,0x07,0x06,0x00,0x08,0x05,0x3C,0x14,0x14,0x14,0x14,0x14,0x14,0x03,0x5A,0x2D,0x28,0x2D,0x0F,0x0F,0x28,0x00,0x00,0x00,0x00,0x00,0x00,0x00,0x20,0x00,0x20,0x01,0x00,0x00,0x00,0x00,0x00,0x01,0x00,0x00,0x80B808,0x80BC59,0x80C069,0x80C479,0x80C4BA,0x80C4FB,0x00
DD Upstart,0x02BF,0x0309,0xDD,0x03,0x00,0x00,0x8B,0x01,0x12,0x06,0x06,0x07,0x06,0x00,0x08,0x05,0x3C,0x14,0x14,0x14,0x14,0x14,0x14,0x03,0x5A,0x2D,0x28,0x2D,0x0F,0x0F,0x28,0x00,0x00,0x00,0x00,0x00,0x00,0x00,0x20,0x00,0x20,0x01,0x00,0x00,0x00,0x00,0x00,0x01,0x00,0x00,0x80B808,0x80BC59,0x80C069,0x80C479,0x80C4BA,0x80C4FB,0x00
DE Upstart,0x02BF,0x0309,0xDE,0x03,0x00,0x00,0x8B,0x01,0x12,0x06,0x06,0x07,0x06,0x00,0x08,0x05,0x3C,0x14,0x14,0x14,0x14,0x14,0x14,0x03,0x5A,0x2D,0x28,0x2D,0x0F,0x0F,0x28,0x00,0x00,0x00,0x00,0x00,0x00,0x00,0x20,0x00,0x20,0x01,0x00,0x00,0x00,0x00,0x00,0x01,0x00,0x00,0x80B808,0x80BC59,0x80C069,0x80C479,0x80C4BA,0x80C4FB,0x00
DF Upstart,0x02BF,0x0309,0xDF,0x03,0x00,0x00,0x8B,0x01,0x12,0x06,0x06,0x07,0x06,0x00,0x08,0x05,0x3C,0x14,0x14,0x14,0x14,0x14,0x14,0x03,0x5A,0x2D,0x28,0x2D,0x0F,0x0F,0x28,0x00,0x00,0x00,0x00,0x00,0x00,0x00,0x20,0x00,0x20,0x01,0x00,0x00,0x00,0x00,0x00,0x01,0x00,0x00,0x80B808,0x80BC59,0x80C069,0x80C479,0x80C4BA,0x80C4FB,0x00
E0 Upstart,0x02BF,0x0309,0xE0,0x03,0x00,0x00,0x8B,0x01,0x12,0x06,0x06,0x07,0x06,0x00,0x08,0x05,0x3C,0x14,0x14,0x14,0x14,0x14,0x14,0x03,0x5A,0x2D,0x28,0x2D,0x0F,0x0F,0x28,0x00,0x00,0x00,0x00,0x00,0x00,0x00,0x20,0x00,0x20,0x01,0x00,0x00,0x00,0x00,0x00,0x01,0x00,0x00,0x80B808,0x80BC59,0x80C069,0x80C479,0x80C4BA,0x80C4FB,0x00
E1 Upstart,0x02BF,0x0309,0xE1,0x03,0x00,0x00,0x8B,0x01,0x12,0x06,0x06,0x07,0x06,0x00,0x08,0x05,0x3C,0x14,0x14,0x14,0x14,0x14,0x14,0x03,0x5A,0x2D,0x28,0x2D,0x0F,0x0F,0x28,0x00,0x00,0x00,0x00,0x00,0x00,0x00,0x20,0x00,0x20,0x01,0x00,0x00,0x00,0x00,0x00,0x01,0x00,0x00,0x80B808,0x80BC59,0x80C069,0x80C479,0x80C4BA,0x80C4FB,0x00
E2 Upstart,0x02BF,0x0309,0xE2,0x03,0x00,0x00,0x8B,0x01,0x12,0x06,0x06,0x07,0x06,0x00,0x08,0x05,0x3C,0x14,0x14,0x14,0x14,0x14,0x14,0x03,0x5A,0x2D,0x28,0x2D,0x0F,0x0F,0x28,0x00,0x00,0x00,0x00,0x00,0x00,0x00,0x20,0x00,0x20,0x01,0x00,0x00,0x00,0x00,0x00,0x01,0x00,0x00,0x80B808,0x80BC59,0x80C069,0x80C479,0x80C4BA,0x80C4FB,0x00
E3 Upstart,0x02BF,0x0309,0xE3,0x03,0x00,0x00,0x8B,0x01,0x12,0x06,0x06,0x07,0x06,0x00,0x08,0x05,0x3C,0x14,0x14,0x14,0x14,0x14,0x14,0x03,0x5A,0x2D,0x28,0x2D,0x0F,0x0F,0x28,0x00,0x00,0x00,0x00,0x00,0x00,0x00,0x20,0x00,0x20,0x01,0x00,0x00,0x00,0x00,0x00,0x01,0x00,0x00,0x80B808,0x80BC59,0x80C069,0x80C479,0x80C4BA,0x80C4FB,0x00
E4 Upstart,0x02BF,0x0309,0xE4,0x03,0x00,0x00,0x8B,0x01,0x12,0x06,0x06,0x07,0x06,0x00,0x08,0x05,0x3C,0x14,0x14,0x14,0x14,0x14,0x14,0x03,0x5A,0x2D,0x28,0x2D,0x0F,0x0F,0x28,0x00,0x00,0x00,0x00,0x00,0x00,0x00,0x20,0x00,0x20,0x01,0x00,0x00,0x00,0x00,0x00,0x01,0x00,0x00,0x80B808,0x80BC59,0x80C069,0x80C479,0x80C4BA,0x80C4FB,0x00
E5 Upstart,0x02BF,0x0309,0xE5,0x03,0x00,0x00,0x8B,0x01,0x12,0x06,0x06,0x07,0x06,0x00,0x08,0x05,0x3C,0x14,0x14,0x14,0x14,0x14,0x14,0x03,0x5A,0x2D,0x28,0x2D,0x0F,0x0F,0x28,0x00,0x00,0x00,0x00,0x00,0x00,0x00,0x20,0x00,0x20,0x01,0x00,0x00,0x00,0x00,0x00,0x01,0x00,0x00,0x80B808,0x80BC59,0x80C069,0x80C479,0x80C4BA,0x80C4FB,0x00
E6 Upstart,0x02BF,0x0309,0xE6,0x03,0x00,0x00,0x8B,0x01,0x12,0x06,0x06,0x07,0x06,0x00,0x08,0x05,0x3C,0x14,0x14,0x14,0x14,0x14,0x14,0x03,0x5A,0x2D,0x28,0x2D,0x0F,0x0F,0x28,0x00,0x00,0x00,0x00,0x00,0x00,0x00,0x20,0x00,0x20,0x01,0x00,0x00,0x00,0x00,0x00,0x01,0x00,0x00,0x80B808,0x80BC59,0x80C069,0x80C479,0x80C4BA,0x80C4FB,0x00
E7 Upstart,0x02BF,0x0309,0xE7,0x03,0x00,0x00,0x8B,0x01,0x12,0x06,0x06,0x07,0x06,0x00,0x08,0x05,0x3C,0x14,0x14,0x14,0x14,0x14,0x14,0x03,0x5A,0x2D,0x28,0x2D,0x0F,0x0F,0x28,0x00,0x00,0x00,0x00,0x00,0x00,0x00,0x20,0x00,0x20,0x01,0x00,0x00,0x00,0x00,0x00,0x01,0x00,0x00,0x80B808,0x80BC59,0x80C069,0x80C479,0x80C4BA,0x80C4FB,0x00
E8 Upstart,0x02BF,0x0309,0xE8,0x03,0x00,0x00,0x8B,0x01,0x12,0x06,0x06,0x07,0x06,0x00,0x08,0x05,0x3C,0x14,0x14,0x14,0x14,0x14,0x14,0x03,0x5A,0x2D,0x28,0x2D,0x0F,0x0F,0x28,0x00,0x00,0x00,0x00,0x00,0x00,0x00,0x20,0x00,0x20,0x01,0x00,0x00,0x00,0x00,0x00,0x01,0x00,0x00,0x80B808,0x80BC59,0x80C069,0x80C479,0x80C4BA,0x80C4FB,0x00
E9 Upstart,0x02BF,0x0309,0xE9,0x03,0x00,0x00,0x8B,0x01,0x12,0x06,0x06,0x07,0x06,0x00,0x08,0x05,0x3C,0x14,0x14,0x14,0x14,0x14,0x14,0x03,0x5A,0x2D,0x28,0x2D,0x0F,0x0F,0x28,0x00,0x00,0x00,0x00,0x00,0x00,0x00,0x20,0x00,0x20,0x01,0x00,0x00,0x00,0x00,0x00,0x01,0x00,0x00,0x80B808,0x80BC59,0x80C069,0x80C479,0x80C4BA,0x80C4FB,0x00
EA Upstart,0x02BF,0x0309,0xEA,0x03,0x00,0x00,0x8B,0x01,0x12,0x06,0x06,0x07,0x06,0x00,0x08,0x05,0x3C,0x14,0x14,0x14,0x14,0x14,0x14,0x03,0x5A,0x2D,0x28,0x2D,0x0F,0x0F,0x28,0x00,0x00,0x00,0x00,0x00,0x00,0x00,0x20,0x00,0x20,0x01,0x00,0x00,0x00,0x00,0x00,0x01,0x00,0x00,0x80B808,0x80BC59,0x80C069,0x80C479,0x80C4BA,0x80C4FB,0x00
EB Upstart,0x02BF,0x0309,0xEB,0x03,0x00,0x00,0x8B,0x01,0x12,0x06,0x06,0x07,0x06,0x00,0x08,0x05,0x3C,0x14,0x14,0x14,0x14,0x14,0x14,0x03,0x5A,0x2D,0x28,0x2D,0x0F,0x0F,0x28,0x00,0x00,0x00,0x00,0x00,0x00,0x00,0x20,0x00,0x20,0x01,0x00,0x00,0x00,0x00,0x00,0x01,0x00,0x00,0x80B808,0x80BC59,0x80C069,0x80C479,0x80C4BA,0x80C4FB,0x00
EC Upstart,0x02BF,0x0309,0xEC,0x03,0x00,0x00,0x8B,0x01,0x12,0x06,0x06,0x07,0x06,0x00,0x08,0x05,0x3C,0x14,0x14,0x14,0x14,0x14,0x14,0x03,0x5A,0x2D,0x28,0x2D,0x0F,0x0F,0x28,0x00,0x00,0x00,0x00,0x00,0x00,0x00,0x20,0x00,0x20,0x01,0x00,0x00,0x00,0x00,0x00,0x01,0x00,0x00,0x80B808,0x80BC59,0x80C069,0x80C479,0x80C4BA,0x80C4FB,0x00
ED Upstart,0x02BF,0x0309,0xED,0x03,0x00,0x00,0x8B,0x01,0x12,0x06,0x06,0x07,0x06,0x00,0x08,0x05,0x3C,0x14,0x14,0x14,0x14,0x14,0x14,0x03,0x5A,0x2D,0x28,0x2D,0x0F,0x0F,0x28,0x00,0x00,0x00,0x00,0x00,0x00,0x00,0x20,0x00,0x20,0x01,0x00,0x00,0x00,0x00,0x00,0x01,0x00,0x00,0x80B808,0x80BC59,0x80C069,0x80C479,0x80C4BA,0x80C4FB,0x00
EE Upstart,0x02BF,0x0309,0xEE,0x03,0x00,0x00,0x8B,0x01,0x12,0x06,0x06,0x07,0x06,0x00,0x08,0x05,0x3C,0x14,0x14,0x14,0x14,0x14,0x14,0x03,0x5A,0x2D,0x28,0x2D,0x0F,0x0F,0x28,0x00,0x00,0x00,0x00,0x00,0x00,0x00,0x20,0x00,0x20,0x01,0x00,0x00,0x00,0x00,0x00,0x01,0x00,0x00,0x80B808,0x80BC59,0x80C069,0x80C479,0x80C4BA,0x80C4FB,0x00
EF Upstart,0x02BF,0x0309,0xEF,0x03,0x00,0x00,0x8B,0x01,0x12,0x06,0x06,0x07,0x06,0x00,0x08,0x05,0x3C,0x14,0x14,0x14,0x14,0x14,0x14,0x03,0x5A,0x2D,0x28,0x2D,0x0F,0x0F,0x28,0x00,0x00,0x00,0x00,0x00,0x00,0x00,0x20,0x00,0x20,0x01,0x00,0x00,0x00,0x00,0x00,0x01,0x00,0x00,0x80B808,0x80BC59,0x80C069,0x80C479,0x80C4BA,0x80C4FB,0x00
F0 Upstart,0x02BF,0x0309,0xF0,0x03,0x00,0x00,0x8B,0x01,0x12,0x06,0x06,0x07,0x06,0x00,0x08,0x05,0x3C,0x14,0x14,0x14,0x14,0x14,0x14,0x03,0x5A,0x2D,0x28,0x2D,0x0F,0x0F,0x28,0x00,0x00,0x00,0x00,0x00,0x00,0x00,0x20,0x00,0x20,0x01,0x00,0x00,0x00,0x00,0x00,0x01,0x00,0x00,0x80B808,0x80BC59,0x80C069,0x80C479,0x80C4BA,0x80C4FB,0x00
F1 Upstart,0x02BF,0x0309,0xF1,0x03,0x00,0x00,0x8B,0x01,0x12,0x06,0x06,0x07,0x06,0x00,0x08,0x05,0x3C,0x14,0x14,0x14,0x14,0x14,0x14,0x03,0x5A,0x2D,0x28,0x2D,0x0F,0x0F,0x28,0x00,0x00,0x00,0x00,0x00,0x00,0x00,0x20,0x00,0x20,0x01,0x00,0x00,0x00,0x00,0x00,0x01,0x00,0x00,0x80B808,0x80BC59,0x80C069,0x80C479,0x80C4BA,0x80C4FB,0x00
F2 Upstart,0x02BF,0x0309,0xF2,0x03,0x00,0x00,0x8B,0x01,0x12,0x06,0x06,0x07,0x06,0x00,0x08,0x05,0x3C,0x14,0x14,0x14,0x14,0x14,0x14,0x03,0x5A,0x2D,0x28,0x2D,0x0F,0x0F,0x28,0x00,0x00,0x00,0x00,0x00,0x00,0x00,0x20,0x00,0x20,0x01,0x00,0x00,0x00,0x00,0x00,0x01,0x00,0x00,0x80B808,0x80BC59,0x80C069,0x80C479,0x80C4BA,0x80C4FB,0x00
F3 Upstart,0x02BF,0x0309,0xF3,0x03,0x00,0x00,0x8B,0x01,0x12,0x06,0x06,0x07,0x06,0x00,0x08,0x05,0x3C,0x14,0x14,0x14,0x14,0x14,0x14,0x03,0x5A,0x2D,0x28,0x2D,0x0F,0x0F,0x28,0x00,0x00,0x00,0x00,0x00,0x00,0x00,0x20,0x00,0x20,0x01,0x00,0x00,0x00,0x00,0x00,0x01,0x00,0x00,0x80B808,0x80BC59,0x80C069,0x80C479,0x80C4BA,0x80C4FB,0x00
F4 Upstart,0x02BF,0x0309,0xF4,0x03,0x00,0x00,0x8B,0x01,0x12,0x06,0x06,0x07,0x06,0x00,0x08,0x05,0x3C,0x14,0x14,0x14,0x14,0x14,0x14,0x03,0x5A,0x2D,0x28,0x2D,0x0F,0x0F,0x28,0x00,0x00,0x00,0x00,0x00,0x00,0x00,0x20,0x00,0x20,0x01,0x00,0x00,0x00,0x00,0x00,0x01,0x00,0x00,0x80B808,0x80BC59,0x80C069,0x80C479,0x80C4BA,0x80C4FB,0x00
F5 Upstart,0x02BF,0x0309,0xF5,0x03,0x00,0x00,0x8B,0x01,0x12,0x06,0x06,0x07,0x06,0x00,0x08,0x05,0x3C,0x14,0x14,0x14,0x14,0x14,0x14,0x03,0x5A,0x2D,0x28,0x2D,0x0F,0x0F,0x28,0x00,0x00,0x00,0x00,0x00,0x00,0x00,0x20,0x00,0x20,0x01,0x00,0x00,0x00,0x00,0x00,0x01,0x00,0x00,0x80B808,0x80BC59,0x80C069,0x80C479,0x80C4BA,0x80C4FB,0x00
F6 Upstart,0x02BF,0x0309,0xF6,0x03,0x00,0x00,0x8B,0x01,0x12,0x06,0x06,0x07,0x06,0x00,0x08,0x05,0x3C,0x14,0x14,0x14,0x14,0x14,0x14,0x03,0x5A,0x2D,0x28,0x2D,0x0F,0x0F,0x28,0x00,0x00,0x00,0x00,0x00,0x00,0x00,0x20,0x00,0x20,0x01,0x00,0x00,0x00,0x00,0x00,0x01,0x00,0x00,0x80B808,0x80BC59,0x80C069,0x80C479,0x80C4BA,0x80C4FB,0x00
F7 Upstart,0x02BF,0x0309,0xF7,0x03,0x00,0x00,0x8B,0x01,0x12,0x06,0x06,0x07,0x06,0x00,0x08,0x05,0x3C,0x14,0x14,0x14,0x14,0x14,0x14,0x03,0x5A,0x2D,0x28,0x2D,0x0F,0x0F,0x28,0x00,0x00,0x00,0x00,0x00,0x00,0x00,0x20,0x00,0x20,0x01,0x00,0x00,0x00,0x00,0x00,0x01,0x00,0x00,0x80B808,0x80BC59,0x80C069,0x80C479,0x80C4BA,0x80C4FB,0x00
F8 Upstart,0x02BF,0x0309,0xF8,0x03,0x00,0x00,0x8B,0x01,0x12,0x06,0x06,0x07,0x06,0x00,0x08,0x05,0x3C,0x14,0x14,0x14,0x14,0x14,0x14,0x03,0x5A,0x2D,0x28,0x2D,0x0F,0x0F,0x28,0x00,0x00,0x00,0x00,0x00,0x00,0x00,0x20,0x00,0x20,0x01,0x00,0x00,0x00,0x00,0x00,0x01,0x00,0x00,0x80B808,0x80BC59,0x80C069,0x80C479,0x80C4BA,0x80C4FB,0x00
F9 Upstart,0x02BF,0x0309,0xF9,0x03,0x00,0x00,0x8B,0x01,0x12,0x06,0x06,0x07,0x06,0x00,0x08,0x05,0x3C,0x14,0x14,0x14,0x14,0x14,0x14,0x03,0x5A,0x2D,0x28,0x2D,0x0F,0x0F,0x28,0x00,0x00,0x00,0x00,0x00,0x00,0x00,0x20,0x00,0x20,0x01,0x00,0x00,0x00,0x00,0x00,0x01,0x00,0x00,0x80B808,0x80BC59,0x80C069,0x80C479,0x80C4BA,0x80C4FB,0x00
FA Upstart,0x02BF,0x0309,0xFA,0x03,0x00,0x00,0x8B,0x01,0x12,0x06,0x06,0x07,0x06,0x00,0x08,0x05,0x3C,0x14,0x14,0x14,0x14,0x14,0x14,0x03,0x5A,0x2D,0x28,0x2D,0x0F,0x0F,0x28,0x00,0x00,0x00,0x00,0x00,0x00,0x00,0x20,0x00,0x20,0x01,0x00,0x00,0x00,0x00,0x00,0x01,0x00,0x00,0x80B808,0x80BC59,0x80C069,0x80C479,0x80C4BA,0x80C4FB,0x00
FB Upstart,0x02BF,0x0309,0xFB,0x03,0x00,0x00,0x8B,0x01,0x12,0x06,0x06,0x07,0x06,0x00,0x08,0x05,0x3C,0x14,0x14,0x14,0x14,0x14,0x14,0x03,0x5A,0x2D,0x28,0x2D,0x0F,0x0F,0x28,0x00,0x00,0x00,0x00,0x00,0x00,0x00,0x20,0x00,0x20,0x01,0x00,0x00,0x00,0x00,0x00,0x01,0x00,0x00,0x80B808,0x80BC59,0x80C069,0x80C479,0x80C4BA,0x80C4FB,0x00
FC Upstart,0x02BF,0x0309,0xFC,0x03,0x00,0x00,0x8B,0x01,0x12,0x06,0x06,0x07,0x06,0x00,0x08,0x05,0x3C,0x14,0x14,0x14,0x14,0x14,0x14,0x03,0x5A,0x2D,0x28,0x2D,0x0F,0x0F,0x28,0x00,0x00,0x00,0x00,0x00,0x00,0x00,0x20,0x00,0x20,0x01,0x00,0x00,0x00,0x00,0x00,0x01,0x00,0x00,0x80B808,0x80BC59,0x80C069,0x80C479,0x80C4BA,0x80C4FB,0x00
FD Upstart,0x02BF,0x0309,0xFD,0x03,0x00,0x00,0x8B,0x01,0x12,0x06,0x06,0x07,0x06,0x00,0x08,0x05,0x3C,0x14,0x14,0x14,0x14,0x14,0x14,0x03,0x5A,0x2D,0x28,0x2D,0x0F,0x0F,0x28,0x00,0x00,0x00,0x00,0x00,0x00,0x00,0x20,0x00,0x20,0x01,0x00,0x00,0x00,0x00,0x00,0x01,0x00,0x00,0x80B808,0x80BC59,0x80C069,0x80C479,0x80C4BA,0x80C4FB,0x00
FE Upstart,0x02BF,0x0309,0xFE,0x03,0x00,0x00,0x8B,0x01,0x12,0x06,0x06,0x07,0x06,0x00,0x08,0x05,0x3C,0x14,0x14,0x14,0x14,0x14,0x14,0x03,0x5A,0x2D,0x28,0x2D,0x0F,0x0F,0x28,0x00,0x00,0x00,0x00,0x00,0x00,0x00,0x20,0x00,0x20,0x01,0x00,0x00,0x00,0x00,0x00,0x01,0x00,0x00,0x80B808,0x80BC59,0x80C069,0x80C479,0x80C4BA,0x80C4FB,0x00
